Aptitude,English,Quantitative,Analytical,Domain,Computer Fundamental,Coding,Placed,Branch_Agricultural Engineering,Branch_Applied Electronics and Instrumentation,Branch_Automobile Engineering,Branch_Civil Engineering,Branch_Computer Science Engineering,Branch_Electrical Engineering,Branch_Electrical and Electronics Engineering,Branch_Electronics and Communications Engineering,Branch_Electronics and Instrumentation Engineering,Branch_Information Technology,Branch_Instrumentation and Control Engineering,Branch_MCA,Branch_Mechanical Engineering,Degree_B. Tech.,Degree_BE,Degree_M. Tech.,Degree_MCA
38,47,13,53,35,7,0,0,0,0,0,0,0,0,0,1,0,0,0,0,0,1,0,0,0
60,70,60,50,40,33,0,1,0,0,0,0,0,0,0,0,0,0,0,0,1,1,0,0,0
58,73,33,67,30,60,0,0,0,0,0,0,0,0,0,0,0,1,0,0,0,1,0,0,0
36,33,40,33,45,33,0,0,0,0,0,0,0,0,0,0,0,0,1,0,0,1,0,0,0
60,60,55,65,40,73,11,1,0,0,0,0,1,0,0,0,0,0,0,0,0,1,0,0,0
69,67,93,47,65,40,20,1,0,0,0,0,0,0,0,1,0,0,0,0,0,1,0,0,0
56,53,47,67,65,53,20,0,0,0,0,0,1,0,0,0,0,0,0,0,0,1,0,0,0
53,73,53,33,15,33,0,0,0,0,0,0,0,0,0,0,0,0,0,0,1,1,0,0,0
60,60,55,65,50,33,0,1,0,0,0,0,0,0,0,1,0,0,0,0,0,1,0,0,0
49,60,47,40,55,53,20,0,0,0,0,0,1,0,0,0,0,0,0,0,0,0,1,0,0
55,60,35,70,37,40,0,1,0,0,0,0,0,0,1,0,0,0,0,0,0,1,0,0,0
40,33,40,47,20,13,0,0,0,0,0,0,1,0,0,0,0,0,0,0,0,1,0,0,0
33,20,33,47,25,40,0,0,0,0,0,0,1,0,0,0,0,0,0,0,0,1,0,0,0
60,73,47,60,25,33,96,1,0,0,0,0,1,0,0,0,0,0,0,0,0,1,0,0,0
56,60,33,73,35,20,0,1,0,0,0,0,0,0,0,1,0,0,0,0,0,1,0,0,0
75,85,60,80,13,20,11,1,0,0,0,0,1,0,0,0,0,0,0,0,0,1,0,0,0
40,33,27,60,25,47,0,0,0,0,0,0,0,1,0,0,0,0,0,0,0,1,0,0,0
42,47,40,40,35,53,0,0,0,0,0,0,0,0,0,1,0,0,0,0,0,1,0,0,0
60,67,60,53,70,33,20,1,0,0,0,0,0,0,0,1,0,0,0,0,0,1,0,0,0
53,70,25,65,37,47,10,1,0,0,0,0,1,0,0,0,0,0,0,0,0,1,0,0,0
53,47,47,67,45,40,20,0,0,0,0,0,0,0,0,0,0,1,0,0,0,1,0,0,0
60,60,73,47,50,53,56,0,0,0,0,0,0,0,0,0,0,1,0,0,0,1,0,0,0
36,33,33,40,30,7,0,0,0,0,0,0,0,1,0,0,0,0,0,0,0,1,0,0,0
62,53,67,67,35,67,16,0,0,0,0,0,1,0,0,0,0,0,0,0,0,1,0,0,0
44,47,27,60,40,33,0,0,0,0,0,0,0,0,0,1,0,0,0,0,0,1,0,0,0
58,80,40,53,30,67,0,0,0,0,0,0,0,0,0,0,0,1,0,0,0,1,0,0,0
50,65,25,60,33,20,0,0,0,0,0,0,0,0,0,1,0,0,0,0,0,1,0,0,0
44,47,40,47,50,60,20,0,0,0,0,0,0,0,0,1,0,0,0,0,0,1,0,0,0
40,40,40,40,33,33,0,0,0,0,0,0,0,1,0,0,0,0,0,0,0,1,0,0,0
56,60,60,47,55,47,20,1,0,0,0,0,0,1,0,0,0,0,0,0,0,1,0,0,0
60,65,55,60,23,53,0,1,0,0,0,0,0,0,0,0,0,1,0,0,0,1,0,0,0
76,73,67,87,55,67,84,1,0,0,0,0,1,0,0,0,0,0,0,0,0,1,0,0,0
38,33,27,53,25,27,0,0,0,0,0,0,1,0,0,0,0,0,0,0,0,1,0,0,0
40,60,15,45,33,20,0,1,0,0,0,0,0,0,0,0,0,0,0,0,1,1,0,0,0
47,65,35,40,30,53,0,0,0,0,0,0,1,0,0,0,0,0,0,0,0,1,0,0,0
82,80,100,67,55,80,96,1,0,0,0,0,0,0,0,1,0,0,0,0,0,1,0,0,0
36,13,47,47,25,40,0,0,0,0,0,0,1,0,0,0,0,0,0,0,0,1,0,0,0
55,60,30,75,33,40,10,1,0,0,0,0,1,0,0,0,0,0,0,0,0,1,0,0,0
56,80,13,73,35,67,0,0,0,1,0,0,0,0,0,0,0,0,0,0,0,0,1,0,0
53,53,53,53,70,27,0,0,0,0,0,0,0,0,0,0,0,0,0,0,1,1,0,0,0
63,80,50,60,33,33,0,1,0,0,0,0,0,0,0,1,0,0,0,0,0,1,0,0,0
33,40,40,20,25,47,0,0,0,0,0,0,0,0,0,1,0,0,0,0,0,1,0,0,0
51,67,40,47,40,20,0,1,0,0,0,0,0,1,0,0,0,0,0,0,0,1,0,0,0
47,53,27,60,35,27,0,0,0,0,0,0,0,0,0,0,0,0,0,0,1,1,0,0,0
24,20,13,40,30,33,0,0,0,0,0,0,0,0,0,0,0,0,0,0,1,1,0,0,0
36,33,33,40,30,13,0,0,0,0,0,0,0,1,0,0,0,0,0,0,0,1,0,0,0
51,27,60,67,35,33,20,0,0,0,0,0,0,0,0,1,0,0,0,0,0,1,0,0,0
52,55,40,60,43,40,0,1,0,0,0,0,0,0,0,1,0,0,0,0,0,1,0,0,0
78,67,80,87,80,60,94,1,0,0,0,0,1,0,0,0,0,0,0,0,0,1,0,0,0
62,67,73,47,30,20,0,1,0,0,0,0,0,0,0,0,0,1,0,0,0,1,0,0,0
49,47,67,33,50,20,0,0,0,0,0,0,0,0,0,1,0,0,0,0,0,1,0,0,0
50,55,45,50,37,20,0,1,0,0,0,0,0,0,0,0,0,0,0,0,1,1,0,0,0
67,60,67,73,60,53,96,1,0,0,0,0,0,0,0,1,0,0,0,0,0,1,0,0,0
42,47,53,27,30,40,0,0,0,0,0,0,0,0,0,1,0,0,0,0,0,1,0,0,0
53,67,33,60,55,33,20,1,0,0,0,0,0,0,0,1,0,0,0,0,0,1,0,0,0
27,47,13,20,25,33,0,0,0,0,0,0,0,0,0,0,0,1,0,0,0,1,0,0,0
37,25,50,35,37,13,0,0,0,0,0,0,0,0,0,0,0,0,0,0,1,1,0,0,0
67,60,67,73,60,53,96,1,0,0,0,0,0,0,0,1,0,0,0,0,0,1,0,0,0
57,45,60,65,33,27,11,0,0,0,0,0,0,0,0,0,0,1,0,0,0,1,0,0,0
53,53,33,73,50,40,0,0,0,0,0,0,0,0,0,1,0,0,0,0,0,1,0,0,0
47,50,15,75,40,47,0,1,0,0,0,0,0,0,0,1,0,0,0,0,0,1,0,0,0
56,53,53,60,45,73,96,1,0,0,0,0,1,0,0,0,0,0,0,0,0,1,0,0,0
51,67,33,53,25,53,0,1,0,0,0,0,0,0,0,1,0,0,0,0,0,1,0,0,0
56,67,27,73,45,33,0,1,0,0,0,0,0,0,0,1,0,0,0,0,0,1,0,0,0
47,67,20,53,45,33,0,0,0,0,0,1,0,0,0,0,0,0,0,0,0,1,0,0,0
60,60,70,50,47,33,0,1,0,0,0,0,0,0,0,1,0,0,0,0,0,1,0,0,0
52,55,45,55,53,40,0,1,0,0,0,0,0,0,0,0,0,0,0,0,1,1,0,0,0
33,40,27,33,25,20,0,0,0,0,0,0,0,1,0,0,0,0,0,0,0,1,0,0,0
53,73,33,53,30,20,0,1,0,0,0,0,0,0,0,1,0,0,0,0,0,1,0,0,0
44,40,53,40,25,20,0,0,0,0,0,0,0,0,0,1,0,0,0,0,0,1,0,0,0
33,33,20,47,25,33,0,0,0,0,0,0,1,0,0,0,0,0,0,0,0,1,0,0,0
60,73,47,60,25,33,96,1,0,0,0,0,1,0,0,0,0,0,0,0,0,1,0,0,0
51,53,47,53,35,7,0,0,0,0,0,0,0,0,0,0,0,0,0,0,1,1,0,0,0
73,73,80,67,30,53,20,0,0,0,0,0,1,0,0,0,0,0,0,0,0,1,0,0,0
36,40,27,40,35,27,0,0,0,0,0,0,0,1,0,0,0,0,0,0,0,1,0,0,0
29,33,13,40,25,47,0,0,0,0,0,0,1,0,0,0,0,0,0,0,0,1,0,0,0
38,50,5,60,27,20,0,0,0,0,0,0,0,1,0,0,0,0,0,0,0,1,0,0,0
40,47,20,53,20,20,0,0,0,0,0,0,1,0,0,0,0,0,0,0,0,1,0,0,0
29,7,27,53,30,33,0,0,0,0,0,0,0,0,0,1,0,0,0,0,0,1,0,0,0
58,55,35,85,47,40,0,1,0,0,0,0,0,0,0,0,0,1,0,0,0,1,0,0,0
60,60,47,73,70,27,0,1,0,0,0,0,0,1,0,0,0,0,0,0,0,1,0,0,0
42,53,47,27,35,53,0,0,0,0,0,0,0,1,0,0,0,0,0,0,0,1,0,0,0
49,47,33,67,25,33,0,0,0,0,0,0,1,0,0,0,0,0,0,0,0,1,0,0,0
38,40,33,40,40,60,0,0,0,0,0,0,0,0,0,1,0,0,0,0,0,0,1,0,0
35,20,30,55,40,40,0,0,0,0,1,0,0,0,0,0,0,0,0,0,0,1,0,0,0
47,45,40,55,50,47,0,0,0,0,0,0,0,0,0,1,0,0,0,0,0,1,0,0,0
53,67,33,60,60,53,20,0,0,0,0,0,0,0,0,1,0,0,0,0,0,1,0,0,0
51,53,40,60,40,53,0,0,0,0,0,0,1,0,0,0,0,0,0,0,0,1,0,0,0
24,27,33,13,30,33,0,0,0,0,0,0,1,0,0,0,0,0,0,0,0,1,0,0,0
49,47,40,60,45,67,60,1,0,0,0,0,1,0,0,0,0,0,0,0,0,1,0,0,0
58,73,40,60,45,33,0,1,0,0,0,0,0,0,0,0,0,0,0,0,1,1,0,0,0
58,53,60,60,50,40,60,1,0,0,0,0,0,0,0,1,0,0,0,0,0,1,0,0,0
47,47,47,47,45,47,20,0,0,0,0,0,0,0,0,1,0,0,0,0,0,1,0,0,0
71,67,73,73,60,53,100,1,0,0,0,0,1,0,0,0,0,0,0,0,0,1,0,0,0
60,53,60,67,35,27,0,0,0,0,0,0,0,1,0,0,0,0,0,0,0,1,0,0,0
49,47,40,60,20,33,60,1,0,0,0,0,1,0,0,0,0,0,0,0,0,1,0,0,0
33,40,27,33,45,20,0,0,0,0,0,1,0,0,0,0,0,0,0,0,0,1,0,0,0
40,55,20,45,37,27,0,1,0,0,0,0,0,1,0,0,0,0,0,0,0,1,0,0,0
16,20,13,13,45,13,0,0,0,0,0,0,1,0,0,0,0,0,0,0,0,1,0,0,0
56,67,47,53,40,53,58,0,0,0,0,0,0,0,0,0,0,1,0,0,0,1,0,0,0
60,60,53,67,35,40,0,1,0,1,0,0,0,0,0,0,0,0,0,0,0,1,0,0,0
53,73,40,47,30,40,56,1,0,0,0,0,1,0,0,0,0,0,0,0,0,1,0,0,0
58,55,65,55,47,40,0,1,0,0,0,0,0,0,0,1,0,0,0,0,0,1,0,0,0
51,60,53,40,55,40,0,0,0,0,0,0,0,1,0,0,0,0,0,0,0,1,0,0,0
52,70,40,45,33,40,11,1,0,0,0,0,1,0,0,0,0,0,0,0,0,1,0,0,0
40,40,40,40,35,20,0,0,0,0,0,0,1,0,0,0,0,0,0,0,0,1,0,0,0
43,50,35,45,37,40,0,1,0,0,0,0,0,0,0,0,0,0,0,0,1,1,0,0,0
58,60,47,67,40,40,0,1,0,0,0,0,0,0,0,0,0,1,0,0,0,1,0,0,0
40,53,40,27,20,33,0,0,0,0,0,0,0,0,0,1,0,0,0,0,0,1,0,0,0
51,60,27,67,45,60,0,1,0,0,0,0,1,0,0,0,0,0,0,0,0,1,0,0,0
36,47,7,53,35,20,0,0,0,0,0,0,0,0,0,1,0,0,0,0,0,1,0,0,0
51,67,60,27,65,40,20,0,0,0,0,0,1,0,0,0,0,0,0,0,0,1,0,0,0
48,65,25,55,30,13,0,1,0,0,0,0,1,0,0,0,0,0,0,0,0,1,0,0,0
27,33,27,20,30,40,0,0,0,0,0,0,0,0,0,0,0,0,0,0,1,1,0,0,0
49,47,40,60,25,27,20,0,0,1,0,0,0,0,0,0,0,0,0,0,0,1,0,0,0
64,67,67,60,45,47,0,0,0,0,0,0,0,0,0,0,0,0,0,0,1,1,0,0,0
76,73,73,80,50,40,60,1,0,0,0,0,0,1,0,0,0,0,0,0,0,1,0,0,0
60,60,40,80,43,33,0,1,0,0,0,0,1,0,0,0,0,0,0,0,0,1,0,0,0
11,7,0,27,20,40,0,0,0,0,0,0,0,0,0,1,0,0,0,0,0,1,0,0,0
51,67,40,47,40,20,0,1,0,0,0,0,0,1,0,0,0,0,0,0,0,1,0,0,0
42,47,27,53,45,60,0,0,0,0,0,0,0,0,0,1,0,0,0,0,0,1,0,0,0
44,53,33,47,30,13,0,0,0,0,0,0,0,1,0,0,0,0,0,0,0,1,0,0,0
47,47,53,40,35,60,0,0,0,0,0,0,0,1,0,0,0,0,0,0,0,1,0,0,0
38,33,20,60,35,40,0,0,0,0,0,0,1,0,0,0,0,0,0,0,0,1,0,0,0
47,60,25,55,30,33,0,1,0,0,0,0,0,0,0,0,0,0,0,1,0,0,0,0,1
47,60,20,60,35,27,20,1,0,0,0,0,0,0,1,0,0,0,0,0,0,1,0,0,0
42,50,25,50,30,60,11,1,0,0,0,0,1,0,0,0,0,0,0,0,0,1,0,0,0
53,60,27,73,40,40,20,1,0,0,0,0,0,1,0,0,0,0,0,0,0,1,0,0,0
31,53,20,20,30,40,20,0,0,0,0,0,1,0,0,0,0,0,0,0,0,1,0,0,0
51,67,40,47,50,53,0,1,0,0,0,0,0,1,0,0,0,0,0,0,0,1,0,0,0
51,60,40,53,45,33,0,0,0,0,0,1,0,0,0,0,0,0,0,0,0,1,0,0,0
64,80,40,73,45,33,0,0,0,0,0,0,0,0,0,0,0,0,1,0,0,1,0,0,0
55,75,40,50,43,47,0,1,0,0,0,0,0,0,0,1,0,0,0,0,0,1,0,0,0
44,27,47,60,25,47,0,0,0,0,0,0,0,1,0,0,0,0,0,0,0,1,0,0,0
51,60,33,60,25,33,0,0,0,0,0,0,0,0,0,0,0,1,0,0,0,1,0,0,0
73,87,40,93,40,47,52,0,0,0,0,0,1,0,0,0,0,0,0,0,0,1,0,0,0
58,80,47,47,45,87,60,0,0,0,0,0,1,0,0,0,0,0,0,0,0,1,0,0,0
45,45,45,45,33,40,0,0,0,0,0,0,0,0,0,0,0,0,0,0,1,1,0,0,0
57,80,15,75,43,7,0,1,0,0,0,1,0,0,0,0,0,0,0,0,0,1,0,0,0
49,33,40,73,25,33,0,0,0,0,0,0,1,0,0,0,0,0,0,0,0,1,0,0,0
40,60,13,47,15,20,0,0,0,0,0,0,1,0,0,0,0,0,0,0,0,1,0,0,0
24,40,27,7,15,13,0,0,0,0,0,0,0,1,0,0,0,0,0,0,0,1,0,0,0
53,53,47,60,25,60,60,1,0,0,0,0,1,0,0,0,0,0,0,0,0,1,0,0,0
64,67,60,67,60,87,96,1,0,0,0,0,0,0,0,1,0,0,0,0,0,1,0,0,0
51,67,27,60,30,53,0,1,0,0,0,0,0,0,0,1,0,0,0,0,0,1,0,0,0
38,47,13,53,30,47,0,0,0,1,0,0,0,0,0,0,0,0,0,0,0,1,0,0,0
45,60,25,50,67,27,0,1,0,0,0,0,0,0,0,1,0,0,0,0,0,1,0,0,0
51,60,27,67,40,60,88,0,0,0,0,0,0,0,0,1,0,0,0,0,0,1,0,0,0
60,67,47,67,15,27,20,1,0,0,0,0,1,0,0,0,0,0,0,0,0,1,0,0,0
82,60,93,93,25,53,20,0,0,0,0,0,0,0,0,1,0,0,0,0,0,1,0,0,0
45,30,55,50,27,40,0,0,0,0,0,0,0,0,0,0,0,1,0,0,0,1,0,0,0
48,50,30,65,20,53,0,1,0,0,0,0,0,0,0,1,0,0,0,0,0,1,0,0,0
52,50,50,55,37,33,0,1,0,0,0,0,0,1,0,0,0,0,0,0,0,1,0,0,0
47,53,20,67,55,40,0,0,0,0,0,0,0,0,1,0,0,0,0,0,0,1,0,0,0
29,27,40,20,0,27,0,0,0,0,0,0,0,1,0,0,0,0,0,0,0,1,0,0,0
36,20,40,47,20,40,0,0,0,0,0,0,1,0,0,0,0,0,0,0,0,1,0,0,0
33,40,15,45,23,33,0,0,0,0,0,0,1,0,0,0,0,0,0,0,0,1,0,0,0
42,53,40,33,75,40,40,0,0,0,0,0,1,0,0,0,0,0,0,0,0,1,0,0,0
40,40,40,40,25,27,20,0,0,0,0,0,1,0,0,0,0,0,0,0,0,1,0,0,0
51,67,33,53,25,53,0,1,0,0,0,0,0,0,0,1,0,0,0,0,0,1,0,0,0
71,60,73,80,60,53,100,1,0,0,0,0,1,0,0,0,0,0,0,0,0,1,0,0,0
55,70,35,60,57,40,0,1,0,0,0,0,0,0,0,1,0,0,0,0,0,1,0,0,0
27,27,33,20,45,13,0,0,0,0,0,0,0,1,0,0,0,0,0,0,0,1,0,0,0
58,60,55,60,30,40,0,1,0,0,0,0,0,1,0,0,0,0,0,0,0,1,0,0,0
73,80,67,73,45,40,20,0,0,0,0,0,1,0,0,0,0,0,0,0,0,1,0,0,0
33,40,27,33,35,33,0,0,0,0,0,0,0,0,0,1,0,0,0,0,0,1,0,0,0
43,50,25,55,30,47,0,1,0,0,0,0,0,0,0,0,0,0,0,1,0,0,0,0,1
51,53,53,47,50,60,0,0,0,0,0,0,1,0,0,0,0,0,0,0,0,1,0,0,0
28,20,30,35,27,60,11,0,0,0,0,0,1,0,0,0,0,0,0,0,0,1,0,0,0
51,60,33,60,50,53,0,1,0,0,0,0,0,1,0,0,0,0,0,0,0,1,0,0,0
47,53,33,53,20,27,0,0,0,0,0,0,0,1,0,0,0,0,0,0,0,1,0,0,0
38,53,20,40,30,27,0,0,0,1,0,0,0,0,0,0,0,0,0,0,0,1,0,0,0
53,60,47,53,45,40,20,0,0,0,0,0,1,0,0,0,0,0,0,0,0,1,0,0,0
49,67,27,53,50,40,0,0,0,0,0,0,0,0,0,0,0,0,0,0,1,1,0,0,0
44,67,13,53,45,40,0,0,0,1,0,0,0,0,0,0,0,0,0,0,0,1,0,0,0
65,90,40,65,37,53,0,1,0,0,0,0,1,0,0,0,0,0,0,0,0,1,0,0,0
29,53,0,33,30,47,0,0,0,0,0,0,1,0,0,0,0,0,0,0,0,1,0,0,0
60,80,33,67,60,27,20,1,0,0,0,0,1,0,0,0,0,0,0,0,0,1,0,0,0
52,50,55,50,40,60,10,1,0,0,0,0,0,0,0,1,0,0,0,0,0,1,0,0,0
40,60,0,60,35,53,0,0,0,1,0,0,0,0,0,0,0,0,0,0,0,0,1,0,0
56,47,53,67,70,67,88,1,0,0,0,0,1,0,0,0,0,0,0,0,0,1,0,0,0
58,45,50,80,33,7,0,0,0,0,0,0,0,0,0,1,0,0,0,0,0,1,0,0,0
71,67,73,73,60,33,94,1,0,0,0,0,1,0,0,0,0,0,0,0,0,1,0,0,0
67,87,47,67,70,73,90,1,0,0,0,0,1,0,0,0,0,0,0,0,0,1,0,0,0
60,73,47,60,35,40,60,1,0,0,0,0,0,0,0,1,0,0,0,0,0,1,0,0,0
47,60,20,60,35,27,20,1,0,0,0,0,0,0,1,0,0,0,0,0,0,1,0,0,0
44,53,47,33,30,40,0,0,0,0,0,0,0,1,0,0,0,0,0,0,0,1,0,0,0
48,55,20,70,30,27,0,1,0,0,0,0,1,0,0,0,0,0,0,0,0,1,0,0,0
24,33,20,20,35,20,0,0,0,0,0,0,1,0,0,0,0,0,0,0,0,0,0,1,0
84,87,93,73,65,53,100,1,0,0,0,0,0,0,0,1,0,0,0,0,0,1,0,0,0
51,53,40,60,40,53,0,0,0,0,0,0,1,0,0,0,0,0,0,0,0,1,0,0,0
49,60,33,53,20,13,0,1,0,0,0,0,0,1,0,0,0,0,0,0,0,1,0,0,0
56,53,47,67,20,47,0,0,0,0,0,0,0,0,0,1,0,0,0,0,0,1,0,0,0
71,67,73,73,60,53,100,1,0,0,0,0,1,0,0,0,0,0,0,0,0,1,0,0,0
64,67,67,60,30,67,0,1,0,0,0,0,0,0,0,1,0,0,0,0,0,1,0,0,0
43,50,20,60,40,33,11,1,0,0,0,0,0,0,0,1,0,0,0,0,0,1,0,0,0
51,47,53,53,45,53,0,0,0,1,0,0,0,0,0,0,0,0,0,0,0,0,1,0,0
53,75,15,70,53,60,0,0,0,0,0,0,0,0,0,1,0,0,0,0,0,1,0,0,0
53,67,33,60,65,20,20,1,0,0,0,0,0,0,1,0,0,0,0,0,0,1,0,0,0
33,33,33,33,30,47,20,0,0,0,0,0,0,0,0,1,0,0,0,0,0,1,0,0,0
64,73,53,67,35,53,96,1,0,0,0,0,1,0,0,0,0,0,0,0,0,1,0,0,0
80,80,85,75,47,40,0,1,0,0,0,0,0,0,0,0,0,0,0,0,1,1,0,0,0
60,53,53,73,35,93,20,0,0,0,0,0,1,0,0,0,0,0,0,0,0,1,0,0,0
42,60,27,40,40,40,20,0,0,0,0,0,1,0,0,0,0,0,0,0,0,1,0,0,0
53,60,40,60,30,20,0,1,0,0,0,0,0,0,0,0,0,0,1,0,0,1,0,0,0
58,73,40,60,40,53,20,1,0,1,0,0,0,0,0,0,0,0,0,0,0,1,0,0,0
78,67,87,80,50,60,97,1,0,0,0,0,0,0,0,0,0,1,0,0,0,1,0,0,0
27,47,20,13,15,27,0,0,0,0,0,0,0,0,0,1,0,0,0,0,0,1,0,0,0
47,55,30,55,30,40,0,1,0,0,0,0,1,0,0,0,0,0,0,0,0,1,0,0,0
67,80,53,67,35,27,0,0,0,0,0,0,1,0,0,0,0,0,0,0,0,1,0,0,0
62,60,80,47,35,27,0,1,0,0,0,0,0,0,0,0,0,1,0,0,0,1,0,0,0
42,53,40,33,40,53,0,0,0,0,0,0,1,0,0,0,0,0,0,0,0,1,0,0,0
29,40,13,33,40,53,20,0,0,0,0,0,1,0,0,0,0,0,0,0,0,0,1,0,0
50,55,40,55,13,40,11,1,0,0,0,0,1,0,0,0,0,0,0,0,0,1,0,0,0
67,60,73,67,50,47,56,0,0,0,0,0,0,0,0,0,0,0,0,0,1,1,0,0,0
45,50,40,45,40,40,0,1,0,0,0,0,0,0,0,1,0,0,0,0,0,1,0,0,0
29,27,20,40,30,20,0,0,0,0,0,0,0,1,0,0,0,0,0,0,0,0,0,1,0
58,60,53,60,45,33,100,1,0,0,0,0,1,0,0,0,0,0,0,0,0,1,0,0,0
47,55,20,65,27,47,0,1,0,0,0,0,1,0,0,0,0,0,0,0,0,1,0,0,0
56,87,27,53,45,40,20,1,0,0,0,0,0,0,0,1,0,0,0,0,0,1,0,0,0
55,60,35,70,53,53,11,1,0,0,0,0,0,0,0,1,0,0,0,0,0,1,0,0,0
53,67,33,60,45,40,0,1,0,1,0,0,0,0,0,0,0,0,0,0,0,1,0,0,0
42,67,20,40,5,7,0,0,0,0,0,0,0,0,0,1,0,0,0,0,0,1,0,0,0
60,67,53,60,65,33,0,1,0,0,0,0,0,0,0,0,0,0,0,0,1,1,0,0,0
58,60,33,80,35,53,0,1,0,0,0,0,0,1,0,0,0,0,0,0,0,1,0,0,0
44,47,47,40,15,53,0,0,0,0,0,0,0,1,0,0,0,0,0,0,0,1,0,0,0
73,73,87,60,30,60,59,0,0,0,0,0,0,0,0,1,0,0,0,0,0,1,0,0,0
50,75,15,60,43,53,11,1,0,0,0,0,1,0,0,0,0,0,0,0,0,1,0,0,0
47,53,27,60,55,60,20,0,0,0,0,0,0,0,0,0,0,1,0,0,0,1,0,0,0
44,53,40,40,30,20,0,0,0,0,0,0,0,1,0,0,0,0,0,0,0,1,0,0,0
44,33,53,47,55,20,0,0,0,0,0,0,0,0,0,0,0,0,0,0,1,1,0,0,0
58,67,33,73,55,73,100,1,0,0,0,0,0,0,0,0,0,0,0,0,1,1,0,0,0
53,67,33,60,35,20,0,1,0,0,0,0,0,0,0,1,0,0,0,0,0,1,0,0,0
36,47,13,47,25,7,0,0,0,0,0,0,0,1,0,0,0,0,0,0,0,1,0,0,0
36,40,33,33,30,33,0,0,0,0,0,0,0,0,0,1,0,0,0,0,0,1,0,0,0
62,73,67,47,40,40,0,1,0,0,0,0,0,0,0,1,0,0,0,0,0,1,0,0,0
64,60,73,60,55,40,20,1,0,0,0,0,0,1,0,0,0,0,0,0,0,1,0,0,0
44,67,40,27,40,47,0,0,0,0,0,0,1,0,0,0,0,0,0,0,0,1,0,0,0
47,40,47,53,30,20,40,0,0,0,0,0,0,0,0,0,1,0,0,0,0,1,0,0,0
44,20,47,67,5,40,0,0,0,0,0,0,0,0,0,1,0,0,0,0,0,1,0,0,0
29,47,0,40,20,40,0,0,0,0,0,0,1,0,0,0,0,0,0,0,0,1,0,0,0
53,93,7,60,50,27,0,0,0,0,0,0,0,0,0,1,0,0,0,0,0,1,0,0,0
47,60,27,53,55,47,0,0,0,0,0,0,0,0,0,1,0,0,0,0,0,1,0,0,0
42,47,33,47,15,20,0,0,0,0,0,0,0,1,0,0,0,0,0,0,0,1,0,0,0
49,47,53,47,35,47,0,0,0,0,0,0,0,0,0,0,0,0,1,0,0,1,0,0,0
51,47,40,67,25,27,0,0,0,0,0,0,1,0,0,0,0,0,0,0,0,1,0,0,0
51,60,47,47,30,60,76,1,0,0,0,0,0,0,0,1,0,0,0,0,0,1,0,0,0
60,53,60,67,35,33,0,0,0,0,0,0,0,0,0,0,0,0,0,0,1,1,0,0,0
27,40,20,20,25,40,0,0,0,0,0,0,1,0,0,0,0,0,0,0,0,1,0,0,0
62,73,33,80,40,67,58,1,0,0,0,0,0,1,0,0,0,0,0,0,0,1,0,0,0
50,50,40,60,43,53,0,1,0,0,0,0,0,0,0,1,0,0,0,0,0,1,0,0,0
69,80,53,73,20,40,0,0,0,0,0,0,1,0,0,0,0,0,0,0,0,1,0,0,0
60,67,47,67,15,27,20,1,0,0,0,0,1,0,0,0,0,0,0,0,0,1,0,0,0
67,80,47,73,35,40,100,1,0,0,0,0,0,0,0,0,0,1,0,0,0,1,0,0,0
38,33,33,47,65,13,0,0,0,0,0,0,0,1,0,0,0,0,0,0,0,1,0,0,0
40,47,27,47,35,33,0,0,0,0,0,0,0,0,0,1,0,0,0,0,0,1,0,0,0
67,53,87,60,45,53,100,1,0,0,0,0,0,0,0,1,0,0,0,0,0,1,0,0,0
40,40,47,33,35,40,0,0,0,0,0,0,0,0,0,0,0,0,0,0,1,1,0,0,0
57,45,55,70,43,47,0,0,0,0,0,0,1,0,0,0,0,0,0,0,0,1,0,0,0
62,80,47,60,60,33,60,1,0,0,0,0,0,0,0,0,0,1,0,0,0,1,0,0,0
69,67,93,47,65,40,20,1,0,0,0,0,0,0,0,1,0,0,0,0,0,1,0,0,0
64,73,67,53,75,27,0,1,0,0,0,0,0,0,0,0,0,0,0,0,1,1,0,0,0
78,60,80,93,60,60,92,1,0,0,0,0,1,0,0,0,0,0,0,0,0,1,0,0,0
60,60,73,47,40,47,0,1,0,0,0,0,0,0,0,1,0,0,0,0,0,1,0,0,0
49,67,47,33,30,60,0,0,0,0,0,0,0,0,0,1,0,0,0,0,0,1,0,0,0
60,87,20,73,30,33,0,0,0,0,0,0,1,0,0,0,0,0,0,0,0,1,0,0,0
49,47,53,47,40,47,58,0,0,0,0,0,1,0,0,0,0,0,0,0,0,1,0,0,0
58,80,27,67,25,53,20,0,0,0,0,0,0,0,0,1,0,0,0,0,0,1,0,0,0
38,53,27,33,10,40,0,0,0,0,0,0,0,0,0,0,0,0,1,0,0,1,0,0,0
56,47,47,73,35,53,60,1,0,0,0,0,1,0,0,0,0,0,0,0,0,1,0,0,0
62,73,67,47,40,40,0,1,0,0,0,0,0,0,0,1,0,0,0,0,0,1,0,0,0
58,47,47,80,55,47,0,0,0,0,0,0,0,0,0,0,0,0,0,0,1,1,0,0,0
67,65,60,75,57,60,77,1,0,0,0,0,1,0,0,0,0,0,0,0,0,1,0,0,0
48,50,20,75,23,67,11,1,0,0,0,0,1,0,0,0,0,0,0,0,0,1,0,0,0
49,67,53,27,40,47,0,0,0,0,0,0,0,0,0,1,0,0,0,0,0,1,0,0,0
76,73,87,67,65,67,60,1,0,0,0,0,1,0,0,0,0,0,0,0,0,1,0,0,0
33,40,13,47,20,33,0,0,0,0,0,0,1,0,0,0,0,0,0,0,0,1,0,0,0
44,47,47,40,25,47,0,0,0,0,0,0,0,1,0,0,0,0,0,0,0,1,0,0,0
57,60,45,65,23,47,10,1,0,0,0,0,1,0,0,0,0,0,0,0,0,1,0,0,0
42,27,53,47,20,33,20,0,0,0,0,0,1,0,0,0,0,0,0,0,0,1,0,0,0
38,40,47,27,25,40,20,0,0,0,0,0,0,0,0,1,0,0,0,0,0,1,0,0,0
58,60,60,53,50,20,20,1,0,1,0,0,0,0,0,0,0,0,0,0,0,1,0,0,0
67,67,73,60,35,60,0,0,0,0,0,0,0,0,0,1,0,0,0,0,0,1,0,0,0
38,47,33,33,25,20,0,0,0,0,0,0,1,0,0,0,0,0,0,0,0,1,0,0,0
53,65,45,50,27,40,0,1,0,0,0,0,0,1,0,0,0,0,0,0,0,1,0,0,0
60,67,47,67,50,40,100,1,0,0,0,0,1,0,0,0,0,0,0,0,0,1,0,0,0
49,40,40,67,20,47,0,0,0,0,0,0,0,0,0,1,0,0,0,0,0,1,0,0,0
58,40,53,80,20,20,0,0,0,0,0,0,0,0,0,0,0,1,0,0,0,1,0,0,0
64,87,40,67,30,27,0,1,0,0,0,0,0,0,0,0,0,0,0,0,1,1,0,0,0
33,33,33,33,25,47,0,0,0,0,0,0,0,0,0,0,0,1,0,0,0,1,0,0,0
76,73,73,80,50,40,60,1,0,0,0,0,0,1,0,0,0,0,0,0,0,1,0,0,0
67,60,53,87,35,33,60,1,0,0,0,0,0,0,1,0,0,0,0,0,0,1,0,0,0
48,60,30,55,23,13,0,1,0,0,0,0,0,1,0,0,0,0,0,0,0,1,0,0,0
64,87,47,60,55,60,0,0,0,0,0,0,1,0,0,0,0,0,0,0,0,1,0,0,0
62,60,67,60,50,53,20,0,0,0,0,0,0,0,0,1,0,0,0,0,0,1,0,0,0
51,73,27,53,40,33,0,1,0,0,0,0,0,0,0,1,0,0,0,0,0,1,0,0,0
53,73,33,53,35,60,20,1,0,0,0,0,1,0,0,0,0,0,0,0,0,1,0,0,0
78,67,87,80,50,60,97,1,0,0,0,0,0,0,0,0,0,1,0,0,0,1,0,0,0
67,73,60,67,35,40,60,1,0,0,0,0,0,0,0,1,0,0,0,0,0,1,0,0,0
50,55,40,55,23,60,11,1,0,0,0,0,0,0,1,0,0,0,0,0,0,1,0,0,0
42,50,25,50,30,33,0,1,0,0,0,0,1,0,0,0,0,0,0,0,0,1,0,0,0
36,27,47,33,35,20,0,0,0,0,0,0,1,0,0,0,0,0,0,0,0,1,0,0,0
60,67,53,60,45,60,20,0,0,0,0,0,0,0,0,1,0,0,0,0,0,1,0,0,0
49,47,33,67,60,47,20,0,0,0,0,0,1,0,0,0,0,0,0,0,0,1,0,0,0
29,47,13,27,20,40,0,0,0,0,0,0,1,0,0,0,0,0,0,0,0,1,0,0,0
70,75,45,90,43,53,0,1,0,0,0,0,0,0,0,0,0,0,0,0,1,1,0,0,0
52,65,30,60,27,53,0,1,0,0,0,0,0,0,0,1,0,0,0,0,0,1,0,0,0
51,60,33,60,25,40,0,1,0,0,0,0,1,0,0,0,0,0,0,0,0,1,0,0,0
35,40,30,35,33,33,11,0,0,0,0,0,1,0,0,0,0,0,0,0,0,1,0,0,0
53,53,53,53,35,33,0,0,0,0,0,0,0,0,1,0,0,0,0,0,0,1,0,0,0
64,60,87,47,65,47,100,1,0,0,0,0,0,0,0,1,0,0,0,0,0,1,0,0,0
36,33,13,60,20,7,0,0,0,0,0,0,0,0,1,0,0,0,0,0,0,1,0,0,0
44,47,40,47,50,60,20,0,0,0,0,0,0,0,0,1,0,0,0,0,0,1,0,0,0
38,47,27,40,40,47,0,0,0,0,0,0,0,1,0,0,0,0,0,0,0,1,0,0,0
56,60,47,60,25,53,60,1,0,0,0,0,1,0,0,0,0,0,0,0,0,0,1,0,0
47,53,40,47,55,47,0,0,0,1,0,0,0,0,0,0,0,0,0,0,0,0,1,0,0
53,60,40,60,25,27,0,1,0,0,0,0,0,0,0,0,0,0,0,0,1,1,0,0,0
60,60,60,60,35,47,60,1,0,0,0,0,0,0,0,0,1,0,0,0,0,1,0,0,0
60,80,60,40,50,40,0,0,0,0,0,0,0,0,0,1,0,0,0,0,0,1,0,0,0
58,60,53,60,55,40,20,1,0,0,0,0,0,0,0,0,0,1,0,0,0,1,0,0,0
64,87,27,80,40,13,0,1,0,0,0,0,0,0,0,0,0,0,0,0,1,1,0,0,0
49,67,33,47,45,33,0,1,0,0,0,1,0,0,0,0,0,0,0,0,0,1,0,0,0
49,67,33,47,45,13,0,0,0,0,0,0,0,1,0,0,0,0,0,0,0,1,0,0,0
56,60,40,67,30,53,56,0,0,0,0,0,1,0,0,0,0,0,0,0,0,1,0,0,0
67,60,53,87,35,33,60,1,0,0,0,0,0,0,1,0,0,0,0,0,0,1,0,0,0
47,60,47,33,40,33,0,0,0,0,0,0,0,1,0,0,0,0,0,0,0,1,0,0,0
32,25,5,65,33,27,11,0,0,0,0,0,1,0,0,0,0,0,0,0,0,1,0,0,0
49,67,33,47,30,13,0,1,0,0,0,0,0,0,0,1,0,0,0,0,0,1,0,0,0
56,60,40,67,45,47,56,1,0,0,0,0,1,0,0,0,0,0,0,0,0,1,0,0,0
53,50,50,60,53,40,11,1,0,0,0,0,0,0,0,0,0,1,0,0,0,1,0,0,0
42,60,40,27,35,13,0,0,0,0,0,0,0,0,0,1,0,0,0,0,0,1,0,0,0
42,47,27,53,45,60,0,0,0,0,0,0,0,0,0,1,0,0,0,0,0,1,0,0,0
51,67,40,47,30,27,0,1,0,0,0,0,0,0,0,1,0,0,0,0,0,1,0,0,0
40,13,40,67,50,47,0,0,0,0,0,0,0,0,0,1,0,0,0,0,0,1,0,0,0
52,70,30,55,33,60,0,1,0,0,0,0,1,0,0,0,0,0,0,0,0,1,0,0,0
64,73,67,53,15,20,20,1,0,1,0,0,0,0,0,0,0,0,0,0,0,1,0,0,0
47,53,33,53,55,27,0,0,0,0,0,0,0,0,0,0,0,0,0,0,1,1,0,0,0
44,40,33,60,50,27,0,0,0,0,0,0,0,0,0,0,0,0,0,0,1,1,0,0,0
49,60,33,53,40,40,0,1,0,0,0,0,0,0,0,1,0,0,0,0,0,1,0,0,0
40,53,20,47,40,53,0,0,0,0,0,1,0,0,0,0,0,0,0,0,0,1,0,0,0
33,60,20,20,40,13,0,0,0,0,0,0,0,1,0,0,0,0,0,0,0,1,0,0,0
62,60,60,65,30,47,33,1,0,0,0,0,0,1,0,0,0,0,0,0,0,1,0,0,0
60,60,47,73,70,27,0,1,0,0,0,0,0,1,0,0,0,0,0,0,0,1,0,0,0
62,80,53,53,45,33,0,1,0,1,0,0,0,0,0,0,0,0,0,0,0,1,0,0,0
53,67,33,60,30,40,0,1,0,0,0,0,0,0,0,1,0,0,0,0,0,1,0,0,0
44,53,27,53,30,47,20,0,0,0,0,0,1,0,0,0,0,0,0,0,0,1,0,0,0
49,73,40,33,70,27,14,0,0,0,0,0,0,1,0,0,0,0,0,0,0,1,0,0,0
58,67,40,67,75,47,100,1,0,0,0,0,1,0,0,0,0,0,0,0,0,1,0,0,0
44,60,27,47,20,40,0,1,0,0,0,0,0,0,0,1,0,0,0,0,0,1,0,0,0
49,33,40,73,45,47,0,0,0,0,0,0,1,0,0,0,0,0,0,0,0,1,0,0,0
44,47,33,53,30,33,0,0,0,0,0,0,1,0,0,0,0,0,0,0,0,1,0,0,0
36,53,13,40,50,40,0,0,0,0,0,0,1,0,0,0,0,0,0,0,0,0,1,0,0
47,45,50,45,47,33,11,0,0,0,0,0,0,0,0,0,0,1,0,0,0,1,0,0,0
50,70,20,60,37,47,0,1,0,0,0,0,0,1,0,0,0,0,0,0,0,1,0,0,0
64,93,27,73,65,53,58,0,0,0,0,0,0,0,0,1,0,0,0,0,0,1,0,0,0
44,53,33,47,60,13,0,0,0,0,0,0,0,1,0,0,0,0,0,0,0,1,0,0,0
36,20,47,40,25,33,0,0,0,0,0,0,1,0,0,0,0,0,0,0,0,1,0,0,0
53,67,33,60,55,33,20,1,0,0,0,0,0,0,0,1,0,0,0,0,0,1,0,0,0
38,40,27,47,35,47,0,0,0,0,0,0,0,0,0,1,0,0,0,0,0,1,0,0,0
37,50,20,40,37,20,0,0,0,0,0,0,0,1,0,0,0,0,0,0,0,1,0,0,0
69,67,73,67,50,53,0,0,0,0,0,0,0,0,0,1,0,0,0,0,0,1,0,0,0
58,73,40,60,30,53,20,1,0,0,0,0,1,0,0,0,0,0,0,0,0,1,0,0,0
60,67,53,60,15,53,0,1,0,0,0,0,1,0,0,0,0,0,0,0,0,1,0,0,0
47,53,27,60,25,53,0,0,0,0,0,0,1,0,0,0,0,0,0,0,0,0,0,1,0
76,73,67,87,55,67,84,1,0,0,0,0,1,0,0,0,0,0,0,0,0,1,0,0,0
58,65,65,45,37,27,0,1,0,0,0,0,0,1,0,0,0,0,0,0,0,1,0,0,0
64,47,80,67,35,60,60,1,0,0,0,0,1,0,0,0,0,0,0,0,0,1,0,0,0
38,73,20,20,15,33,0,0,0,0,0,0,1,0,0,0,0,0,0,0,0,1,0,0,0
44,73,20,40,65,60,56,0,0,0,0,0,1,0,0,0,0,0,0,0,0,1,0,0,0
50,50,50,50,40,53,0,1,0,0,0,0,0,1,0,0,0,0,0,0,0,1,0,0,0
78,80,73,80,55,67,60,1,0,0,0,0,1,0,0,0,0,0,0,0,0,1,0,0,0
40,33,27,60,45,27,0,0,0,0,0,0,1,0,0,0,0,0,0,0,0,1,0,0,0
47,47,27,67,60,67,0,0,0,0,0,0,0,1,0,0,0,0,0,0,0,1,0,0,0
55,55,60,50,53,60,33,1,0,0,0,0,1,0,0,0,0,0,0,0,0,1,0,0,0
47,47,60,33,30,33,0,0,0,1,0,0,0,0,0,0,0,0,0,0,0,1,0,0,0
40,40,27,53,40,33,16,0,0,0,0,0,0,0,0,0,0,0,0,0,1,1,0,0,0
30,30,25,35,30,20,0,0,0,0,0,0,0,0,0,1,0,0,0,0,0,1,0,0,0
22,40,0,27,5,40,0,0,0,0,0,0,0,0,0,1,0,0,0,0,0,1,0,0,0
67,80,33,87,35,53,20,0,0,0,0,0,0,0,0,1,0,0,0,0,0,1,0,0,0
64,73,40,80,40,40,0,1,0,0,0,0,0,0,0,0,0,0,0,0,1,1,0,0,0
42,67,20,40,40,27,0,0,0,0,0,0,0,0,0,1,0,0,0,0,0,1,0,0,0
45,65,25,45,43,27,0,1,0,0,0,0,0,1,0,0,0,0,0,0,0,1,0,0,0
53,47,47,67,45,40,20,0,0,0,0,0,0,0,0,0,0,1,0,0,0,1,0,0,0
60,55,50,75,37,53,0,1,0,0,0,0,0,0,0,1,0,0,0,0,0,1,0,0,0
36,40,27,40,20,27,0,0,0,0,0,0,1,0,0,0,0,0,0,0,0,1,0,0,0
44,60,13,60,25,33,0,0,0,0,0,0,1,0,0,0,0,0,0,0,0,1,0,0,0
30,30,0,60,23,13,0,0,0,0,0,0,0,1,0,0,0,0,0,0,0,1,0,0,0
44,40,47,47,15,20,20,0,0,0,0,0,1,0,0,0,0,0,0,0,0,1,0,0,0
64,87,40,67,30,27,0,1,0,0,0,0,0,0,0,0,0,0,0,0,1,1,0,0,0
56,47,47,73,35,53,60,1,0,0,0,0,1,0,0,0,0,0,0,0,0,1,0,0,0
40,40,40,40,50,33,0,0,0,0,0,0,0,0,0,0,0,1,0,0,0,1,0,0,0
51,13,60,80,60,60,0,0,0,0,0,0,0,0,0,0,0,0,0,0,1,1,0,0,0
49,47,47,53,35,27,0,0,0,0,0,0,1,0,0,0,0,0,0,0,0,1,0,0,0
71,73,60,80,50,67,20,0,0,0,0,0,0,0,0,1,0,0,0,0,0,1,0,0,0
70,65,70,75,37,53,0,1,0,0,0,0,0,0,0,1,0,0,0,0,0,1,0,0,0
49,47,33,67,40,40,0,0,0,0,0,0,0,0,0,1,0,0,0,0,0,1,0,0,0
53,60,40,60,25,27,0,1,0,0,0,0,0,0,0,0,0,0,0,0,1,1,0,0,0
62,65,50,70,33,40,0,1,0,0,0,0,1,0,0,0,0,0,0,0,0,1,0,0,0
47,60,53,27,50,53,20,0,0,0,0,0,1,0,0,0,0,0,0,0,0,1,0,0,0
71,67,80,67,45,40,0,0,0,0,0,0,0,0,0,1,0,0,0,0,0,1,0,0,0
38,40,40,33,35,27,0,0,0,0,0,0,0,0,0,1,0,0,0,0,0,1,0,0,0
47,33,67,40,60,40,0,0,0,0,0,0,0,0,0,0,0,0,0,0,1,1,0,0,0
42,53,20,53,45,33,0,0,0,0,0,0,0,0,0,1,0,0,0,0,0,1,0,0,0
33,30,25,45,20,20,0,0,0,0,0,0,0,1,0,0,0,0,0,0,0,1,0,0,0
49,33,53,60,45,27,0,0,0,0,0,0,0,1,0,0,0,0,0,0,0,1,0,0,0
47,60,53,27,45,33,0,0,0,0,0,1,0,0,0,0,0,0,0,0,0,1,0,0,0
53,60,55,45,27,40,0,1,0,0,0,0,0,1,0,0,0,0,0,0,0,1,0,0,0
40,67,0,53,20,20,0,0,0,0,0,0,0,0,0,0,0,0,0,0,1,1,0,0,0
42,27,40,60,45,53,20,0,0,0,0,0,1,0,0,0,0,0,0,0,0,0,1,0,0
49,47,53,47,40,13,60,0,0,0,0,0,0,0,0,0,1,0,0,0,0,1,0,0,0
38,60,20,33,35,47,0,0,0,0,0,0,0,1,0,0,0,0,0,0,0,1,0,0,0
62,67,47,73,35,47,38,0,0,0,0,0,0,0,0,0,0,1,0,0,0,1,0,0,0
51,67,20,67,35,13,20,1,0,0,0,0,1,0,0,0,0,0,0,0,0,1,0,0,0
47,60,27,53,35,0,0,1,0,0,0,0,0,0,0,0,0,0,0,0,1,1,0,0,0
43,50,35,45,47,47,11,1,0,0,0,0,1,0,0,0,0,0,0,0,0,1,0,0,0
62,73,33,80,40,67,58,1,0,0,0,0,0,1,0,0,0,0,0,0,0,1,0,0,0
55,50,50,65,30,53,0,1,0,0,0,0,0,0,0,0,0,1,0,0,0,1,0,0,0
24,27,33,13,30,33,0,0,0,0,0,0,1,0,0,0,0,0,0,0,0,1,0,0,0
38,55,15,45,43,20,0,1,0,0,0,0,0,0,0,1,0,0,0,0,0,1,0,0,0
36,47,20,40,55,13,0,0,0,0,0,0,0,0,0,0,0,0,0,0,1,1,0,0,0
49,47,33,67,35,33,20,0,0,0,0,0,1,0,0,0,0,0,0,0,0,1,0,0,0
53,53,40,67,45,47,0,0,0,0,0,0,0,0,1,0,0,0,0,0,0,1,0,0,0
44,47,33,53,50,47,58,0,0,0,0,0,0,0,0,0,0,1,0,0,0,1,0,0,0
64,73,53,67,80,47,100,1,0,0,0,0,0,0,0,0,0,1,0,0,0,1,0,0,0
67,75,35,90,43,47,11,1,0,0,0,0,1,0,0,0,0,0,0,0,0,1,0,0,0
51,60,53,40,35,47,20,0,0,0,0,0,0,1,0,0,0,0,0,0,0,1,0,0,0
44,53,27,53,55,40,14,0,0,0,0,1,0,0,0,0,0,0,0,0,0,1,0,0,0
12,0,10,25,20,33,0,0,0,0,0,0,0,0,0,1,0,0,0,0,0,1,0,0,0
62,73,53,60,40,67,98,1,0,0,0,0,1,0,0,0,0,0,0,0,0,1,0,0,0
38,35,35,45,33,33,0,0,0,0,0,0,0,1,0,0,0,0,0,0,0,1,0,0,0
67,80,53,67,50,20,0,1,0,0,0,0,0,0,0,0,0,0,0,0,1,1,0,0,0
42,73,20,33,20,33,0,0,0,0,0,0,1,0,0,0,0,0,0,0,0,1,0,0,0
56,47,47,73,30,40,0,0,0,0,0,0,1,0,0,0,0,0,0,0,0,1,0,0,0
7,0,20,0,15,0,20,0,0,0,0,0,0,0,0,1,0,0,0,0,0,1,0,0,0
71,73,67,73,70,67,100,1,0,0,0,0,0,0,0,1,0,0,0,0,0,1,0,0,0
38,67,27,20,35,33,0,0,0,0,0,0,0,0,0,0,0,1,0,0,0,1,0,0,0
58,67,33,73,30,33,0,1,0,0,0,0,0,1,0,0,0,0,0,0,0,1,0,0,0
62,73,33,80,30,33,0,1,0,0,0,0,0,0,0,1,0,0,0,0,0,1,0,0,0
50,55,35,60,37,40,0,1,0,0,0,0,0,0,0,0,0,0,0,0,1,1,0,0,0
44,67,0,67,30,20,0,0,0,0,0,0,0,1,0,0,0,0,0,0,0,1,0,0,0
52,55,55,45,43,47,0,1,0,0,0,0,0,0,0,0,1,0,0,0,0,1,0,0,0
69,73,60,73,60,40,98,1,0,0,0,0,0,0,0,0,0,1,0,0,0,1,0,0,0
33,33,20,47,50,40,0,0,0,0,0,0,0,0,0,0,0,0,0,0,1,1,0,0,0
71,60,60,93,30,47,60,1,0,0,0,0,0,0,0,1,0,0,0,0,0,1,0,0,0
50,60,20,70,17,33,0,1,0,0,0,0,0,0,0,1,0,0,0,0,0,1,0,0,0
56,60,60,47,55,40,0,1,0,0,0,0,0,0,0,0,0,0,0,0,1,1,0,0,0
40,60,13,47,20,40,0,0,0,0,0,0,1,0,0,0,0,0,0,0,0,1,0,0,0
58,73,40,60,35,33,0,1,0,0,0,0,0,0,0,1,0,0,0,0,0,1,0,0,0
44,53,20,60,25,60,0,0,0,0,0,0,0,1,0,0,0,0,0,0,0,1,0,0,0
29,27,0,60,25,47,0,0,0,0,0,0,0,0,0,0,0,1,0,0,0,0,1,0,0
62,73,47,67,30,33,0,0,0,0,0,0,1,0,0,0,0,0,0,0,0,1,0,0,0
44,60,13,60,20,33,0,0,0,0,0,0,0,0,0,0,0,0,1,0,0,1,0,0,0
42,50,25,50,27,40,0,1,0,0,0,0,1,0,0,0,0,0,0,0,0,1,0,0,0
58,65,50,60,33,33,11,1,0,0,0,0,1,0,0,0,0,0,0,0,0,1,0,0,0
60,33,60,87,50,40,60,0,0,0,0,0,0,0,0,1,0,0,0,0,0,1,0,0,0
51,60,33,60,25,40,0,1,0,0,0,0,1,0,0,0,0,0,0,0,0,1,0,0,0
13,0,20,20,20,0,0,0,0,0,0,0,0,0,0,0,0,0,0,0,1,1,0,0,0
57,55,45,70,43,40,0,1,0,0,0,0,0,0,0,1,0,0,0,0,0,1,0,0,0
33,40,20,40,20,53,0,0,0,0,0,0,0,0,0,0,0,0,0,1,0,0,0,0,1
31,40,13,40,15,20,0,0,0,0,0,0,1,0,0,0,0,0,0,0,0,1,0,0,0
45,55,50,30,43,27,0,0,0,0,0,0,1,0,0,0,0,0,0,0,0,1,0,0,0
62,50,95,40,60,47,0,0,0,0,0,0,0,1,0,0,0,0,0,0,0,1,0,0,0
47,60,27,53,65,47,0,1,0,0,0,0,0,0,0,1,0,0,0,0,0,1,0,0,0
47,35,40,65,27,47,0,0,0,0,0,0,0,1,0,0,0,0,0,0,0,1,0,0,0
51,53,53,47,55,20,0,0,0,0,0,0,0,0,0,0,0,0,0,0,1,1,0,0,0
51,60,27,67,45,60,0,1,0,0,0,0,1,0,0,0,0,0,0,0,0,1,0,0,0
80,67,93,80,55,47,60,1,0,0,0,0,0,0,0,1,0,0,0,0,0,1,0,0,0
78,80,73,80,55,67,60,1,0,0,0,0,1,0,0,0,0,0,0,0,0,1,0,0,0
64,60,87,47,65,47,100,1,0,0,0,0,0,0,0,1,0,0,0,0,0,1,0,0,0
50,60,50,40,47,60,11,0,0,0,0,0,0,0,0,1,0,0,0,0,0,1,0,0,0
31,53,0,40,30,40,0,0,0,0,0,0,1,0,0,0,0,0,0,0,0,1,0,0,0
56,40,73,53,30,33,56,0,0,0,0,0,1,0,0,0,0,0,0,0,0,1,0,0,0
47,47,33,60,30,27,0,0,0,0,0,0,0,0,1,0,0,0,0,0,0,1,0,0,0
40,40,20,60,23,53,0,0,0,0,0,0,0,0,0,1,0,0,0,0,0,1,0,0,0
53,60,33,67,35,53,100,1,0,0,0,0,1,0,0,0,0,0,0,0,0,1,0,0,0
47,65,35,40,23,47,0,0,0,0,0,0,1,0,0,0,0,0,0,0,0,1,0,0,0
63,70,35,85,70,47,0,1,0,0,0,0,0,0,0,1,0,0,0,0,0,1,0,0,0
60,80,40,60,30,20,0,1,0,0,0,0,0,0,0,1,0,0,0,0,0,1,0,0,0
51,67,40,47,50,53,0,1,0,0,0,0,0,1,0,0,0,0,0,0,0,1,0,0,0
29,33,13,40,25,33,0,0,0,0,0,0,1,0,0,0,0,0,0,0,0,1,0,0,0
64,87,53,53,40,33,20,1,0,0,0,0,0,0,0,1,0,0,0,0,0,1,0,0,0
67,67,73,60,35,60,0,0,0,0,0,0,0,0,0,1,0,0,0,0,0,1,0,0,0
60,85,45,50,37,47,0,1,0,0,0,0,1,0,0,0,0,0,0,0,0,1,0,0,0
53,67,40,53,45,40,0,1,0,0,0,0,0,1,0,0,0,0,0,0,0,1,0,0,0
64,73,60,60,25,40,20,0,0,0,0,0,1,0,0,0,0,0,0,0,0,0,1,0,0
38,47,33,33,20,33,0,0,0,0,0,0,1,0,0,0,0,0,0,0,0,1,0,0,0
51,40,40,73,30,27,0,0,0,0,0,0,0,0,0,1,0,0,0,0,0,1,0,0,0
58,73,47,53,30,40,20,1,0,0,0,0,1,0,0,0,0,0,0,0,0,1,0,0,0
51,60,53,40,50,40,0,0,0,0,0,0,0,0,0,1,0,0,0,0,0,1,0,0,0
67,87,53,60,60,40,0,1,0,0,0,0,0,0,0,0,0,0,0,0,1,1,0,0,0
42,35,20,70,33,33,11,0,0,0,0,0,0,0,0,1,0,0,0,0,0,1,0,0,0
38,53,33,27,40,13,0,0,0,0,0,0,0,0,0,0,0,0,0,0,1,1,0,0,0
38,47,13,53,40,40,0,0,0,0,0,0,1,0,0,0,0,0,0,0,0,1,0,0,0
53,40,47,73,50,47,0,0,0,0,0,0,0,0,0,0,0,0,0,0,1,1,0,0,0
67,60,55,85,40,47,0,1,0,0,0,0,0,0,0,1,0,0,0,0,0,1,0,0,0
51,67,20,67,35,13,20,1,0,0,0,0,1,0,0,0,0,0,0,0,0,1,0,0,0
67,60,67,73,50,53,0,1,0,1,0,0,0,0,0,0,0,0,0,0,0,1,0,0,0
78,73,73,87,45,53,100,1,0,0,0,0,1,0,0,0,0,0,0,0,0,1,0,0,0
24,27,20,27,15,33,0,0,0,1,0,0,0,0,0,0,0,0,0,0,0,0,1,0,0
50,50,35,65,20,67,11,1,0,0,0,0,0,0,0,1,0,0,0,0,0,1,0,0,0
51,60,40,53,30,60,0,0,0,0,0,0,0,0,0,1,0,0,0,0,0,1,0,0,0
38,40,20,53,30,13,0,0,0,0,0,0,1,0,0,0,0,0,0,0,0,1,0,0,0
58,73,40,60,20,47,0,0,0,0,0,0,0,0,0,1,0,0,0,0,0,1,0,0,0
36,33,20,53,40,40,0,0,0,0,0,0,0,0,0,1,0,0,0,0,0,1,0,0,0
60,73,40,67,60,60,100,1,0,0,0,0,1,0,0,0,0,0,0,0,0,1,0,0,0
53,53,47,60,50,47,0,0,0,0,0,0,1,0,0,0,0,0,0,0,0,1,0,0,0
42,67,33,27,35,53,0,0,0,0,0,0,0,0,0,1,0,0,0,0,0,1,0,0,0
29,20,27,40,45,40,0,0,0,0,0,0,0,1,0,0,0,0,0,0,0,1,0,0,0
16,40,0,7,15,40,0,0,0,0,0,0,1,0,0,0,0,0,0,0,0,1,0,0,0
72,90,65,60,70,47,0,1,0,0,0,0,0,0,0,0,0,0,0,0,1,1,0,0,0
71,80,60,73,50,33,0,0,0,0,0,0,0,0,0,0,0,0,0,0,1,1,0,0,0
47,60,27,53,25,33,20,1,0,0,0,0,1,0,0,0,0,0,0,0,0,1,0,0,0
33,67,13,20,25,20,0,0,0,0,0,0,0,0,0,1,0,0,0,0,0,1,0,0,0
36,20,33,53,10,27,0,0,0,0,0,0,0,0,0,1,0,0,0,0,0,1,0,0,0
64,67,53,73,45,53,20,0,0,0,0,0,1,0,0,0,0,0,0,0,0,1,0,0,0
49,60,27,60,20,53,20,0,0,1,0,0,0,0,0,0,0,0,0,0,0,1,0,0,0
80,67,93,80,55,47,60,1,0,0,0,0,0,0,0,1,0,0,0,0,0,1,0,0,0
47,73,40,27,60,47,0,0,0,0,0,0,0,0,0,1,0,0,0,0,0,1,0,0,0
50,70,35,45,50,60,0,1,0,0,0,0,1,0,0,0,0,0,0,0,0,1,0,0,0
56,47,53,67,60,40,20,0,0,0,0,0,0,0,0,0,0,1,0,0,0,1,0,0,0
49,73,27,47,45,33,0,1,0,0,0,0,0,0,0,1,0,0,0,0,0,1,0,0,0
57,70,45,55,30,20,0,1,0,0,0,0,0,0,0,0,1,0,0,0,0,1,0,0,0
58,60,60,53,45,53,20,1,0,0,0,0,0,1,0,0,0,0,0,0,0,1,0,0,0
62,60,80,47,35,27,0,1,0,0,0,0,0,0,0,0,0,1,0,0,0,1,0,0,0
38,53,33,27,35,47,0,0,0,0,0,0,1,0,0,0,0,0,0,0,0,1,0,0,0
58,53,53,67,25,53,60,1,0,0,0,0,1,0,0,0,0,0,0,0,0,1,0,0,0
50,60,25,65,13,13,0,1,0,0,0,0,1,0,0,0,0,0,0,0,0,1,0,0,0
25,30,15,30,53,20,0,0,0,0,0,0,0,0,0,0,0,0,0,0,1,1,0,0,0
33,20,33,47,20,40,0,0,0,0,0,0,0,0,0,0,1,0,0,0,0,1,0,0,0
42,47,13,67,35,27,0,0,0,0,0,0,1,0,0,0,0,0,0,0,0,1,0,0,0
38,53,27,33,30,40,0,0,0,0,0,0,0,0,0,1,0,0,0,0,0,1,0,0,0
38,20,47,47,25,33,20,0,0,0,0,0,1,0,0,0,0,0,0,0,0,1,0,0,0
22,33,13,20,45,20,0,0,0,0,0,0,1,0,0,0,0,0,0,0,0,1,0,0,0
67,73,60,67,70,33,60,1,0,0,0,0,0,1,0,0,0,0,0,0,0,1,0,0,0
42,27,53,47,40,27,0,0,0,0,0,0,0,0,0,1,0,0,0,0,0,1,0,0,0
44,33,60,40,55,20,0,0,0,0,0,0,0,1,0,0,0,0,0,0,0,1,0,0,0
47,67,20,53,40,33,0,1,0,0,0,0,0,0,0,1,0,0,0,0,0,1,0,0,0
27,13,20,47,30,13,0,0,0,0,0,0,0,1,0,0,0,0,0,0,0,1,0,0,0
70,80,65,65,40,60,11,1,0,0,0,0,1,0,0,0,0,0,0,0,0,1,0,0,0
40,33,40,47,35,40,0,0,0,0,0,1,0,0,0,0,0,0,0,0,0,1,0,0,0
67,73,60,67,70,33,60,1,0,0,0,0,0,1,0,0,0,0,0,0,0,1,0,0,0
47,53,27,60,25,13,0,0,0,0,0,0,1,0,0,0,0,0,0,0,0,1,0,0,0
53,60,55,45,23,47,0,1,0,0,0,0,0,1,0,0,0,0,0,0,0,1,0,0,0
53,60,53,47,45,80,60,0,0,0,0,0,1,0,0,0,0,0,0,0,0,1,0,0,0
53,55,35,70,43,40,0,1,0,0,0,0,0,0,0,0,0,0,0,0,1,1,0,0,0
60,67,40,73,45,20,0,0,0,0,0,0,0,0,1,0,0,0,0,0,0,1,0,0,0
63,55,50,85,23,40,11,1,0,0,0,0,1,0,0,0,0,0,0,0,0,1,0,0,0
50,55,45,50,33,53,11,1,0,0,0,0,0,0,0,1,0,0,0,0,0,1,0,0,0
47,60,35,45,47,33,33,1,0,0,0,0,1,0,0,0,0,0,0,0,0,1,0,0,0
38,47,27,40,35,33,20,0,0,0,0,0,1,0,0,0,0,0,0,0,0,1,0,0,0
51,40,40,73,40,20,0,0,0,0,0,0,0,0,0,0,0,0,0,0,1,1,0,0,0
42,60,13,53,35,20,0,0,0,0,0,0,0,0,0,1,0,0,0,0,0,1,0,0,0
71,67,73,73,60,73,96,1,0,0,0,0,0,0,0,0,0,1,0,0,0,1,0,0,0
36,40,7,60,20,27,0,0,0,0,0,0,0,0,0,0,0,1,0,0,0,1,0,0,0
60,60,60,60,35,40,20,1,0,0,0,0,0,0,0,1,0,0,0,0,0,1,0,0,0
67,65,85,50,33,33,0,1,0,0,0,0,0,0,0,0,0,0,0,0,1,1,0,0,0
44,40,40,53,45,20,0,0,0,0,0,1,0,0,0,0,0,0,0,0,0,1,0,0,0
20,13,33,13,10,33,0,0,0,0,0,0,1,0,0,0,0,0,0,0,0,1,0,0,0
62,85,40,60,27,40,0,1,0,0,0,0,0,1,0,0,0,0,0,0,0,1,0,0,0
44,33,47,53,30,20,0,0,0,0,0,0,0,1,0,0,0,0,0,0,0,1,0,0,0
49,33,40,73,25,33,0,0,0,0,0,0,1,0,0,0,0,0,0,0,0,1,0,0,0
53,67,33,60,45,40,0,1,0,1,0,0,0,0,0,0,0,0,0,0,0,1,0,0,0
62,73,33,80,30,33,0,1,0,0,0,0,0,0,0,1,0,0,0,0,0,1,0,0,0
50,45,45,60,67,80,11,0,0,0,0,0,1,0,0,0,0,0,0,0,0,1,0,0,0
56,67,47,53,35,40,0,0,0,0,0,0,0,0,0,0,1,0,0,0,0,1,0,0,0
56,60,47,60,45,53,60,1,0,0,0,0,1,0,0,0,0,0,0,0,0,1,0,0,0
49,33,53,60,45,7,0,0,0,0,0,0,1,0,0,0,0,0,0,0,0,1,0,0,0
49,67,33,47,45,33,0,1,0,0,0,1,0,0,0,0,0,0,0,0,0,1,0,0,0
51,53,33,67,35,60,94,1,0,0,0,0,1,0,0,0,0,0,0,0,0,1,0,0,0
49,47,67,33,40,33,20,0,0,0,0,0,0,0,0,0,0,0,0,0,1,1,0,0,0
69,87,67,53,40,40,0,0,0,0,0,0,0,0,0,1,0,0,0,0,0,1,0,0,0
40,33,47,40,40,20,0,0,0,0,0,0,1,0,0,0,0,0,0,0,0,0,1,0,0
32,5,55,35,27,47,11,0,0,1,0,0,0,0,0,0,0,0,0,0,0,1,0,0,0
47,60,27,53,50,33,72,1,0,0,0,0,1,0,0,0,0,0,0,0,0,0,0,1,0
40,40,40,40,25,47,0,0,0,0,0,0,1,0,0,0,0,0,0,0,0,1,0,0,0
49,67,27,53,35,53,0,1,0,0,0,0,0,0,0,1,0,0,0,0,0,1,0,0,0
67,80,47,73,35,40,100,1,0,0,0,0,0,0,0,0,0,1,0,0,0,1,0,0,0
42,47,27,53,50,20,0,0,0,0,0,0,0,1,0,0,0,0,0,0,0,1,0,0,0
58,67,33,73,40,33,0,0,0,0,0,0,0,0,0,1,0,0,0,0,0,1,0,0,0
42,53,20,53,60,40,0,0,0,0,0,0,1,0,0,0,0,0,0,0,0,1,0,0,0
42,40,53,33,25,67,0,0,0,0,0,0,0,0,0,0,0,0,0,1,0,0,0,0,1
58,60,53,60,45,33,20,0,0,0,0,0,0,1,0,0,0,0,0,0,0,1,0,0,0
47,47,40,53,45,40,0,0,0,0,0,0,0,0,0,1,0,0,0,0,0,1,0,0,0
60,60,53,67,35,40,0,1,0,1,0,0,0,0,0,0,0,0,0,0,0,1,0,0,0
22,20,13,33,25,27,0,0,0,0,0,0,0,1,0,0,0,0,0,0,0,1,0,0,0
42,27,60,40,15,20,0,0,0,0,0,0,0,1,0,0,0,0,0,0,0,1,0,0,0
53,53,20,87,30,27,0,0,0,0,0,0,0,0,0,1,0,0,0,0,0,1,0,0,0
60,80,47,53,65,27,0,0,0,0,0,0,0,0,0,1,0,0,0,0,0,1,0,0,0
48,55,25,65,33,13,0,1,0,0,0,0,0,0,0,1,0,0,0,0,0,1,0,0,0
58,50,60,65,30,40,0,1,0,0,0,0,0,0,0,1,0,0,0,0,0,1,0,0,0
51,60,40,53,40,47,0,0,0,0,0,0,0,0,0,0,0,1,0,0,0,1,0,0,0
60,60,67,53,45,53,20,1,0,0,0,0,0,0,0,1,0,0,0,0,0,1,0,0,0
62,60,50,75,73,47,0,1,0,0,0,1,0,0,0,0,0,0,0,0,0,1,0,0,0
53,87,0,73,20,33,0,0,0,0,0,0,0,0,0,1,0,0,0,0,0,1,0,0,0
53,53,33,73,25,40,60,1,0,0,0,0,1,0,0,0,0,0,0,0,0,1,0,0,0
62,65,70,50,47,40,0,1,0,0,0,0,0,0,0,1,0,0,0,0,0,1,0,0,0
50,65,30,55,27,67,11,1,0,0,0,0,1,0,0,0,0,0,0,0,0,1,0,0,0
49,67,33,47,30,13,0,1,0,0,0,0,0,0,0,1,0,0,0,0,0,1,0,0,0
58,67,53,53,45,40,0,1,0,0,0,0,0,0,0,1,0,0,0,0,0,1,0,0,0
67,70,60,70,30,13,0,1,0,0,0,0,0,0,0,1,0,0,0,0,0,1,0,0,0
42,53,60,13,40,47,20,0,0,0,0,0,0,0,0,1,0,0,0,0,0,1,0,0,0
22,40,7,20,20,13,0,0,0,0,0,0,0,0,0,1,0,0,0,0,0,1,0,0,0
13,27,13,0,15,13,0,0,0,0,0,0,0,1,0,0,0,0,0,0,0,1,0,0,0
51,67,73,13,30,40,0,0,0,0,0,0,0,0,0,1,0,0,0,0,0,1,0,0,0
70,75,65,70,20,47,0,1,0,0,0,0,0,0,0,1,0,0,0,0,0,1,0,0,0
47,67,27,47,45,27,0,0,0,0,0,0,0,0,0,0,0,0,0,0,1,1,0,0,0
53,50,50,60,13,20,11,0,0,0,0,0,1,0,0,0,0,0,0,0,0,1,0,0,0
47,70,15,55,53,13,0,1,0,0,0,0,0,0,0,0,0,0,0,0,1,1,0,0,0
47,60,27,53,50,33,72,1,0,0,0,0,1,0,0,0,0,0,0,0,0,0,0,1,0
67,80,53,67,35,53,0,0,0,0,0,0,1,0,0,0,0,0,0,0,0,1,0,0,0
52,55,40,60,27,53,0,1,0,0,0,0,0,1,0,0,0,0,0,0,0,1,0,0,0
64,73,67,53,35,40,0,0,0,0,0,0,0,0,0,0,1,0,0,0,0,1,0,0,0
62,73,53,60,40,67,98,1,0,0,0,0,1,0,0,0,0,0,0,0,0,1,0,0,0
36,33,40,33,35,67,0,0,0,0,0,0,1,0,0,0,0,0,0,0,0,1,0,0,0
48,50,30,65,33,27,0,1,0,0,0,0,1,0,0,0,0,0,0,0,0,1,0,0,0
56,47,47,73,35,53,100,1,0,0,0,0,1,0,0,0,0,0,0,0,0,1,0,0,0
56,67,47,53,25,40,0,0,0,0,0,0,1,0,0,0,0,0,0,0,0,1,0,0,0
71,60,73,80,60,53,100,1,0,0,0,0,1,0,0,0,0,0,0,0,0,1,0,0,0
55,50,60,55,27,27,0,1,0,0,0,0,0,1,0,0,0,0,0,0,0,1,0,0,0
27,33,13,33,35,53,20,0,0,0,0,0,0,0,0,0,0,1,0,0,0,1,0,0,0
38,30,40,45,10,40,0,0,0,0,0,0,0,0,0,1,0,0,0,0,0,1,0,0,0
51,67,20,67,65,53,20,1,0,0,0,0,0,1,0,0,0,0,0,0,0,1,0,0,0
49,60,27,60,30,33,0,1,0,0,0,0,0,1,0,0,0,0,0,0,0,1,0,0,0
60,67,60,53,70,33,20,1,0,0,0,0,0,0,0,1,0,0,0,0,0,1,0,0,0
60,60,67,53,45,53,60,0,0,0,0,0,0,0,0,0,0,1,0,0,0,1,0,0,0
69,73,73,60,70,60,98,1,0,0,0,0,1,0,0,0,0,0,0,0,0,1,0,0,0
56,60,40,67,65,33,0,1,0,0,0,0,0,0,0,1,0,0,0,0,0,1,0,0,0
47,47,47,47,65,40,0,0,0,0,0,0,0,0,0,1,0,0,0,0,0,1,0,0,0
56,67,47,53,25,40,0,0,0,0,0,0,1,0,0,0,0,0,0,0,0,1,0,0,0
64,73,47,73,50,53,100,1,0,0,0,0,0,0,0,0,0,1,0,0,0,1,0,0,0
42,53,33,40,20,27,0,0,0,0,0,0,0,0,0,1,0,0,0,0,0,1,0,0,0
67,80,53,67,50,20,0,1,0,0,0,0,0,0,0,0,0,0,0,0,1,1,0,0,0
55,55,40,70,30,33,11,1,0,0,0,0,1,0,0,0,0,0,0,0,0,1,0,0,0
69,73,53,80,45,60,96,1,0,0,0,0,1,0,0,0,0,0,0,0,0,1,0,0,0
55,55,30,80,20,27,0,0,0,0,0,0,1,0,0,0,0,0,0,0,0,1,0,0,0
67,80,55,65,53,53,11,1,0,0,0,0,0,0,0,0,0,0,0,0,1,1,0,0,0
49,40,47,60,25,47,0,0,0,0,0,0,0,0,1,0,0,0,0,0,0,1,0,0,0
67,53,87,60,45,53,100,1,0,0,0,0,0,0,0,1,0,0,0,0,0,1,0,0,0
42,27,33,67,40,40,20,0,0,0,0,0,0,0,0,1,0,0,0,0,0,1,0,0,0
49,60,40,47,50,40,0,1,0,0,0,0,0,0,0,0,0,0,0,0,1,1,0,0,0
50,65,35,50,43,33,0,1,0,0,0,0,0,0,0,1,0,0,0,0,0,1,0,0,0
49,73,40,33,25,13,40,0,0,0,0,0,0,0,0,1,0,0,0,0,0,1,0,0,0
67,73,53,73,60,53,0,0,0,0,0,0,0,0,0,1,0,0,0,0,0,1,0,0,0
53,60,33,67,15,27,0,1,0,0,0,0,0,1,0,0,0,0,0,0,0,1,0,0,0
64,93,33,67,25,33,0,1,0,0,0,0,0,0,0,0,0,1,0,0,0,1,0,0,0
51,53,33,67,25,53,0,0,0,0,0,0,0,0,0,1,0,0,0,0,0,1,0,0,0
47,33,33,73,40,53,16,0,0,0,0,0,1,0,0,0,0,0,0,0,0,1,0,0,0
2,7,0,0,20,27,0,0,0,0,0,0,1,0,0,0,0,0,0,0,0,1,0,0,0
62,65,60,60,50,60,0,1,0,0,0,0,0,0,0,1,0,0,0,0,0,1,0,0,0
36,40,47,20,15,7,0,0,0,0,0,0,0,0,0,1,0,0,0,0,0,1,0,0,0
58,73,40,60,25,47,20,0,0,0,0,0,1,0,0,0,0,0,0,0,0,1,0,0,0
69,60,73,73,75,67,100,1,0,0,0,0,0,0,0,0,0,1,0,0,0,1,0,0,0
40,33,40,47,55,47,0,0,0,0,0,0,0,0,1,0,0,0,0,0,0,1,0,0,0
42,40,33,53,35,13,0,0,0,0,0,0,0,0,0,0,0,1,0,0,0,1,0,0,0
62,55,60,70,47,40,11,1,0,0,0,0,0,0,0,1,0,0,0,0,0,1,0,0,0
30,25,45,20,40,33,11,0,0,0,0,0,0,1,0,0,0,0,0,0,0,1,0,0,0
36,40,33,33,25,47,0,0,0,0,0,0,0,0,0,1,0,0,0,0,0,1,0,0,0
53,47,47,67,45,33,0,0,0,0,0,0,0,0,0,1,0,0,0,0,0,1,0,0,0
60,60,40,80,40,53,0,1,0,0,0,0,1,0,0,0,0,0,0,0,0,1,0,0,0
50,50,45,55,30,40,0,1,0,0,0,0,0,0,0,1,0,0,0,0,0,1,0,0,0
45,50,20,65,30,40,11,1,0,0,0,0,1,0,0,0,0,0,0,0,0,1,0,0,0
58,60,47,67,40,40,0,1,0,0,0,0,0,0,0,0,0,1,0,0,0,1,0,0,0
60,67,53,60,15,53,0,1,0,0,0,0,1,0,0,0,0,0,0,0,0,1,0,0,0
42,27,27,73,30,27,0,0,0,0,0,0,1,0,0,0,0,0,0,0,0,1,0,0,0
53,60,33,67,40,60,92,1,0,0,0,0,1,0,0,0,0,0,0,0,0,1,0,0,0
58,80,33,60,35,40,60,1,0,0,0,0,1,0,0,0,0,0,0,0,0,1,0,0,0
52,55,35,65,37,47,0,1,0,0,0,0,1,0,0,0,0,0,0,0,0,1,0,0,0
48,50,35,60,33,47,0,1,0,0,0,0,0,0,0,1,0,0,0,0,0,1,0,0,0
33,40,27,33,40,20,0,0,0,0,0,0,1,0,0,0,0,0,0,0,0,1,0,0,0
51,33,67,53,30,33,0,0,0,0,0,0,0,1,0,0,0,0,0,0,0,1,0,0,0
62,80,30,75,43,40,0,1,0,0,0,0,0,0,0,0,0,0,0,0,1,1,0,0,0
72,75,60,80,47,33,0,1,0,0,0,0,1,0,0,0,0,0,0,0,0,1,0,0,0
58,60,53,60,45,33,100,1,0,0,0,0,1,0,0,0,0,0,0,0,0,1,0,0,0
52,50,30,75,37,53,11,1,0,0,0,0,0,0,0,1,0,0,0,0,0,1,0,0,0
36,7,33,67,40,27,0,0,0,0,0,0,1,0,0,0,0,0,0,0,0,1,0,0,0
69,73,60,73,60,40,98,1,0,0,0,0,0,0,0,0,0,1,0,0,0,1,0,0,0
51,53,33,67,35,60,94,1,0,0,0,0,1,0,0,0,0,0,0,0,0,1,0,0,0
31,20,20,53,25,47,0,0,0,0,0,0,1,0,0,0,0,0,0,0,0,1,0,0,0
60,53,67,60,50,33,0,0,0,0,0,0,0,1,0,0,0,0,0,0,0,1,0,0,0
64,67,67,60,30,67,0,1,0,0,0,0,0,0,0,1,0,0,0,0,0,1,0,0,0
51,67,33,53,40,53,0,1,0,0,0,0,1,0,0,0,0,0,0,0,0,1,0,0,0
60,55,50,75,40,33,0,1,0,0,0,0,0,0,0,0,0,1,0,0,0,1,0,0,0
51,60,33,60,60,53,20,0,0,0,0,0,0,0,0,1,0,0,0,0,0,1,0,0,0
32,25,50,20,37,20,0,0,0,0,0,0,0,0,0,1,0,0,0,0,0,1,0,0,0
51,60,47,47,40,40,20,0,0,0,0,0,0,0,0,0,0,1,0,0,0,1,0,0,0
49,40,33,73,10,40,0,0,0,0,0,0,1,0,0,0,0,0,0,0,0,1,0,0,0
49,73,40,33,25,13,40,0,0,0,0,0,0,0,0,1,0,0,0,0,0,1,0,0,0
31,33,7,53,45,27,0,0,0,0,0,0,1,0,0,0,0,0,0,0,0,1,0,0,0
60,70,30,80,33,33,0,1,0,0,0,0,0,1,0,0,0,0,0,0,0,1,0,0,0
65,70,45,80,37,40,0,1,0,0,0,0,0,0,0,1,0,0,0,0,0,1,0,0,0
40,33,53,33,50,27,0,0,0,0,0,1,0,0,0,0,0,0,0,0,0,1,0,0,0
51,60,47,47,40,40,0,1,0,0,0,0,0,0,0,1,0,0,0,0,0,1,0,0,0
52,55,45,55,50,33,0,1,0,0,0,0,0,0,0,0,0,0,0,0,1,1,0,0,0
43,55,30,45,40,47,0,1,0,0,0,0,0,1,0,0,0,0,0,0,0,1,0,0,0
52,70,35,50,47,47,0,1,0,0,0,0,0,0,0,1,0,0,0,0,0,1,0,0,0
57,55,35,80,40,60,11,1,0,0,0,0,1,0,0,0,0,0,0,0,0,1,0,0,0
50,55,45,50,50,13,0,1,0,0,0,1,0,0,0,0,0,0,0,0,0,1,0,0,0
29,27,27,33,20,40,0,0,0,0,0,0,0,0,0,1,0,0,0,0,0,1,0,0,0
47,40,47,53,30,47,0,0,0,0,0,0,0,0,0,1,0,0,0,0,0,1,0,0,0
49,60,20,67,45,40,20,1,0,0,0,0,0,0,0,0,0,1,0,0,0,1,0,0,0
47,33,53,53,25,27,0,0,0,0,0,0,0,1,0,0,0,0,0,0,0,1,0,0,0
62,50,75,60,53,33,11,1,0,0,0,0,0,0,0,1,0,0,0,0,0,1,0,0,0
42,33,40,53,40,33,0,0,0,0,0,0,0,0,0,1,0,0,0,0,0,1,0,0,0
36,60,20,27,35,20,0,0,0,0,0,0,0,0,0,0,0,1,0,0,0,1,0,0,0
53,65,40,55,37,33,0,1,0,0,0,0,0,1,0,0,0,0,0,0,0,1,0,0,0
57,70,45,55,53,53,10,1,0,0,0,0,1,0,0,0,0,0,0,0,0,1,0,0,0
47,47,47,47,40,60,0,0,0,0,0,0,0,0,0,0,0,0,0,0,1,1,0,0,0
49,40,47,60,45,33,0,0,0,0,0,0,0,0,0,0,0,0,0,1,0,0,0,0,1
33,50,15,35,13,13,0,0,0,0,0,0,0,1,0,0,0,0,0,0,0,1,0,0,0
50,65,25,60,37,40,0,0,0,0,0,0,1,0,0,0,0,0,0,0,0,1,0,0,0
56,60,47,60,30,27,0,0,0,0,0,0,0,0,0,0,0,1,0,0,0,1,0,0,0
58,67,47,60,55,47,92,1,0,0,0,0,0,0,0,0,0,1,0,0,0,1,0,0,0
82,80,93,73,55,80,60,1,0,0,0,0,0,0,0,1,0,0,0,0,0,1,0,0,0
44,53,40,40,55,33,20,0,0,0,0,0,0,1,0,0,0,0,0,0,0,1,0,0,0
51,60,33,60,20,13,0,0,0,0,0,0,0,0,1,0,0,0,0,0,0,1,0,0,0
62,67,53,67,55,67,60,1,0,0,0,0,0,0,0,0,0,0,0,1,0,0,0,0,1
40,50,20,50,37,27,0,1,0,0,0,0,1,0,0,0,0,0,0,0,0,1,0,0,0
56,60,40,67,65,33,0,1,0,0,0,0,0,0,0,1,0,0,0,0,0,1,0,0,0
60,67,47,67,50,40,100,1,0,0,0,0,1,0,0,0,0,0,0,0,0,1,0,0,0
40,40,33,47,20,27,0,0,0,0,0,1,0,0,0,0,0,0,0,0,0,1,0,0,0
64,67,60,67,60,27,20,1,0,0,0,0,0,0,0,0,0,0,0,0,1,1,0,0,0
42,33,47,47,35,47,0,0,0,0,0,0,0,0,0,1,0,0,0,0,0,1,0,0,0
51,60,33,60,40,40,0,0,0,0,0,0,0,0,0,0,0,1,0,0,0,1,0,0,0
44,53,20,60,35,13,20,0,0,0,0,0,0,0,0,1,0,0,0,0,0,1,0,0,0
64,80,47,67,45,40,0,1,0,0,0,0,0,1,0,0,0,0,0,0,0,1,0,0,0
49,40,67,40,50,47,20,0,0,0,0,0,1,0,0,0,0,0,0,0,0,1,0,0,0
53,60,33,67,40,60,92,1,0,0,0,0,1,0,0,0,0,0,0,0,0,1,0,0,0
51,60,40,53,20,33,0,0,0,0,0,0,1,0,0,0,0,0,0,0,0,0,0,1,0
49,40,87,20,40,20,0,0,0,0,0,0,0,0,0,0,0,0,0,0,1,1,0,0,0
44,47,33,53,30,7,0,0,0,0,0,0,0,0,1,0,0,0,0,0,0,1,0,0,0
56,53,47,67,35,33,0,0,0,0,0,0,0,0,0,1,0,0,0,0,0,1,0,0,0
64,73,67,53,15,20,20,1,0,1,0,0,0,0,0,0,0,0,0,0,0,1,0,0,0
52,55,40,60,30,33,0,1,0,0,0,0,0,1,0,0,0,0,0,0,0,1,0,0,0
55,60,55,50,30,33,0,1,0,0,0,0,0,0,1,0,0,0,0,0,0,1,0,0,0
40,20,27,73,25,40,0,0,0,0,0,0,1,0,0,0,0,0,0,0,0,1,0,0,0
51,60,40,53,30,53,20,1,0,0,0,0,0,0,0,1,0,0,0,0,0,1,0,0,0
71,60,60,93,30,47,60,1,0,0,0,0,0,0,0,1,0,0,0,0,0,1,0,0,0
43,30,55,45,33,13,0,0,0,0,0,0,0,1,0,0,0,0,0,0,0,1,0,0,0
78,67,73,93,40,60,60,1,0,0,0,0,1,0,0,0,0,0,0,0,0,1,0,0,0
29,33,13,40,30,53,0,0,0,0,0,0,0,0,0,0,0,0,0,0,1,1,0,0,0
38,27,47,40,30,7,0,0,0,1,0,0,0,0,0,0,0,0,0,0,0,1,0,0,0
69,80,47,80,60,47,60,1,0,0,0,0,0,0,0,1,0,0,0,0,0,1,0,0,0
65,70,60,65,33,53,11,1,0,0,0,0,0,0,0,0,0,0,0,1,0,0,0,0,1
53,73,20,67,35,53,20,1,0,0,0,0,0,0,0,0,0,1,0,0,0,1,0,0,0
57,50,50,70,30,47,0,1,0,0,0,0,1,0,0,0,0,0,0,0,0,1,0,0,0
67,67,60,73,30,33,60,1,0,0,0,0,0,0,1,0,0,0,0,0,0,1,0,0,0
52,60,40,55,47,40,0,1,0,0,0,0,0,0,0,1,0,0,0,0,0,1,0,0,0
36,27,20,60,40,20,0,0,0,0,0,1,0,0,0,0,0,0,0,0,0,1,0,0,0
48,55,30,60,47,27,0,1,0,0,0,0,1,0,0,0,0,0,0,0,0,1,0,0,0
58,40,73,60,60,33,0,0,0,0,0,0,0,0,0,0,0,0,0,0,1,1,0,0,0
67,60,65,75,47,60,0,1,0,0,0,0,0,0,0,1,0,0,0,0,0,1,0,0,0
28,25,5,55,33,40,0,0,0,0,0,0,0,0,0,1,0,0,0,0,0,1,0,0,0
58,80,27,67,55,80,100,0,0,0,0,0,0,0,0,0,0,1,0,0,0,1,0,0,0
36,53,20,33,70,47,0,0,0,0,0,0,0,1,0,0,0,0,0,0,0,1,0,0,0
67,87,53,60,60,40,0,1,0,0,0,0,0,0,0,0,0,0,0,0,1,1,0,0,0
58,67,27,80,20,27,92,0,0,0,0,0,1,0,0,0,0,0,0,0,0,1,0,0,0
38,27,47,40,50,27,0,0,0,0,0,0,0,1,0,0,0,0,0,0,0,1,0,0,0
49,60,40,47,30,47,0,1,0,0,0,0,0,0,0,1,0,0,0,0,0,1,0,0,0
58,80,47,47,50,47,0,0,0,0,0,0,0,0,0,1,0,0,0,0,0,1,0,0,0
47,47,40,53,35,47,0,0,0,0,0,0,1,0,0,0,0,0,0,0,0,1,0,0,0
29,33,27,27,30,33,0,0,0,0,0,0,1,0,0,0,0,0,0,0,0,0,0,1,0
22,27,13,27,25,20,0,0,0,0,0,0,0,1,0,0,0,0,0,0,0,1,0,0,0
58,67,53,53,45,40,0,1,0,0,0,0,0,0,0,1,0,0,0,0,0,1,0,0,0
53,67,47,47,35,53,0,1,0,0,0,0,0,0,0,1,0,0,0,0,0,1,0,0,0
38,40,20,53,30,13,0,0,0,0,0,0,1,0,0,0,0,0,0,0,0,1,0,0,0
78,67,80,87,80,60,94,1,0,0,0,0,1,0,0,0,0,0,0,0,0,1,0,0,0
53,53,53,53,25,47,0,0,0,0,0,0,1,0,0,0,0,0,0,0,0,1,0,0,0
51,67,33,53,40,53,0,1,0,0,0,0,1,0,0,0,0,0,0,0,0,1,0,0,0
58,40,53,80,20,20,0,0,0,0,0,0,0,0,0,0,0,1,0,0,0,1,0,0,0
36,40,47,20,45,40,20,0,0,0,0,0,0,0,0,1,0,0,0,0,0,1,0,0,0
45,50,30,55,27,27,0,1,0,0,0,0,1,0,0,0,0,0,0,0,0,1,0,0,0
56,67,40,60,55,33,0,1,0,0,0,0,0,0,0,1,0,0,0,0,0,1,0,0,0
53,60,47,53,35,27,20,1,0,0,0,0,0,0,0,1,0,0,0,0,0,1,0,0,0
47,80,33,27,35,33,0,0,0,0,0,0,0,1,0,0,0,0,0,0,0,1,0,0,0
38,60,0,53,35,67,0,0,0,1,0,0,0,0,0,0,0,0,0,0,0,0,1,0,0
60,60,60,60,35,40,20,1,0,0,0,0,0,0,0,1,0,0,0,0,0,1,0,0,0
53,67,27,67,55,33,20,0,0,0,0,0,1,0,0,0,0,0,0,0,0,1,0,0,0
40,40,40,40,40,13,0,0,0,0,0,0,0,0,0,0,0,1,0,0,0,1,0,0,0
50,75,25,50,40,47,11,1,0,0,0,0,1,0,0,0,0,0,0,0,0,1,0,0,0
42,50,20,55,23,20,0,1,0,0,0,0,0,0,0,1,0,0,0,0,0,1,0,0,0
44,53,33,47,35,27,0,0,0,0,0,0,0,0,0,0,0,1,0,0,0,1,0,0,0
42,35,50,40,43,13,0,0,0,0,0,0,0,0,0,1,0,0,0,0,0,1,0,0,0
56,73,40,53,65,93,60,0,0,0,0,0,1,0,0,0,0,0,0,0,0,0,1,0,0
51,47,67,40,0,33,0,0,1,0,0,0,0,0,0,0,0,0,0,0,0,1,0,0,0
53,40,60,60,63,47,0,0,0,0,0,0,0,0,0,1,0,0,0,0,0,1,0,0,0
62,55,65,65,43,33,0,1,0,0,0,0,0,1,0,0,0,0,0,0,0,1,0,0,0
55,65,40,60,37,33,0,1,0,0,0,0,0,1,0,0,0,0,0,0,0,1,0,0,0
25,40,20,15,20,20,0,0,0,0,1,0,0,0,0,0,0,0,0,0,0,1,0,0,0
60,75,30,75,40,60,11,1,0,0,0,0,0,0,0,1,0,0,0,0,0,1,0,0,0
52,50,35,70,23,40,0,1,0,0,0,0,0,0,0,0,0,1,0,0,0,1,0,0,0
42,67,27,33,35,27,0,0,0,1,0,0,0,0,0,0,0,0,0,0,0,1,0,0,0
68,70,65,70,40,60,11,1,0,0,0,0,1,0,0,0,0,0,0,0,0,1,0,0,0
60,33,67,80,55,27,20,0,0,0,0,0,0,1,0,0,0,0,0,0,0,1,0,0,0
64,80,53,60,40,47,20,0,0,0,0,0,1,0,0,0,0,0,0,0,0,1,0,0,0
38,50,15,50,47,40,0,1,0,0,0,0,0,0,0,1,0,0,0,0,0,1,0,0,0
45,50,40,45,30,47,11,1,0,0,0,0,1,0,0,0,0,0,0,0,0,1,0,0,0
58,67,40,67,60,73,92,1,0,0,0,0,1,0,0,0,0,0,0,0,0,1,0,0,0
62,60,60,65,27,33,0,1,0,0,0,0,0,1,0,0,0,0,0,0,0,1,0,0,0
45,65,15,55,33,33,0,0,0,0,0,0,0,0,1,0,0,0,0,0,0,1,0,0,0
49,47,47,53,10,27,0,0,0,0,0,0,0,0,0,1,0,0,0,0,0,1,0,0,0
53,60,33,67,35,53,100,1,0,0,0,0,1,0,0,0,0,0,0,0,0,1,0,0,0
56,73,33,60,45,53,20,1,0,1,0,0,0,0,0,0,0,0,0,0,0,1,0,0,0
60,80,40,60,30,20,0,1,0,0,0,0,0,0,0,1,0,0,0,0,0,1,0,0,0
53,67,33,60,55,47,0,1,0,0,0,0,0,0,0,0,0,0,0,0,1,1,0,0,0
56,53,53,60,35,33,0,0,0,0,0,0,0,0,0,1,0,0,0,0,0,1,0,0,0
40,60,33,27,35,27,0,0,0,0,0,0,0,0,0,1,0,0,0,0,0,1,0,0,0
53,60,33,67,15,27,0,1,0,0,0,0,0,1,0,0,0,0,0,0,0,1,0,0,0
31,47,13,33,45,27,0,0,0,0,0,0,0,0,0,1,0,0,0,0,0,1,0,0,0
53,60,40,60,65,33,100,1,0,0,0,0,1,0,0,0,0,0,0,0,0,1,0,0,0
42,53,27,47,55,40,0,0,0,0,0,0,0,0,0,0,0,0,0,0,1,1,0,0,0
38,53,20,40,45,40,0,0,0,0,0,0,0,1,0,0,0,0,0,0,0,1,0,0,0
38,53,13,47,35,47,0,0,0,0,0,0,0,0,1,0,0,0,0,0,0,1,0,0,0
31,20,33,40,35,33,0,0,0,0,0,0,1,0,0,0,0,0,0,0,0,1,0,0,0
38,60,20,35,20,20,0,0,0,0,0,0,1,0,0,0,0,0,0,0,0,1,0,0,0
42,40,27,60,45,40,0,0,0,0,0,0,0,1,0,0,0,0,0,0,0,1,0,0,0
58,60,53,60,60,47,60,1,0,0,0,0,1,0,0,0,0,0,0,0,0,1,0,0,0
70,85,60,65,37,33,11,1,0,0,0,0,0,0,0,1,0,0,0,0,0,1,0,0,0
53,47,67,47,30,27,0,0,0,1,0,0,0,0,0,0,0,0,0,0,0,1,0,0,0
64,73,67,53,75,33,0,0,0,0,0,0,0,0,0,0,0,0,0,0,1,1,0,0,0
40,33,27,60,25,40,0,0,0,0,0,0,1,0,0,0,0,0,0,0,0,1,0,0,0
22,27,33,7,45,27,0,0,0,0,0,0,0,1,0,0,0,0,0,0,0,1,0,0,0
48,70,15,60,40,13,0,1,0,0,0,0,0,0,0,0,0,0,0,0,1,1,0,0,0
38,47,47,20,30,33,0,0,0,0,0,0,0,0,1,0,0,0,0,0,0,1,0,0,0
33,53,13,33,35,20,0,0,0,0,0,0,0,1,0,0,0,0,0,0,0,1,0,0,0
33,40,13,47,25,13,20,0,0,0,0,0,1,0,0,0,0,0,0,0,0,1,0,0,0
69,87,53,67,30,20,60,1,0,1,0,0,0,0,0,0,0,0,0,0,0,1,0,0,0
58,60,50,65,37,33,0,1,0,0,0,0,0,0,0,1,0,0,0,0,0,1,0,0,0
53,73,47,40,40,40,0,0,0,0,0,0,0,0,0,0,0,1,0,0,0,1,0,0,0
40,40,27,53,20,40,0,0,0,0,0,0,0,0,0,0,0,0,0,0,1,1,0,0,0
64,73,47,73,55,20,0,1,0,0,0,0,0,0,0,0,0,0,0,0,1,1,0,0,0
27,0,53,27,35,33,20,0,0,0,0,0,0,1,0,0,0,0,0,0,0,1,0,0,0
53,50,35,75,40,40,0,1,0,0,0,0,0,1,0,0,0,0,0,0,0,1,0,0,0
40,40,33,47,25,27,0,0,0,0,0,0,0,0,0,0,0,0,0,0,1,1,0,0,0
71,67,73,73,60,73,96,1,0,0,0,0,0,0,0,0,0,1,0,0,0,1,0,0,0
53,45,65,50,47,27,10,0,0,0,0,0,0,0,0,1,0,0,0,0,0,1,0,0,0
37,60,15,35,27,47,0,0,0,0,0,0,1,0,0,0,0,0,0,0,0,1,0,0,0
57,65,45,60,40,73,0,1,0,0,0,0,0,0,1,0,0,0,0,0,0,1,0,0,0
51,67,40,47,55,73,56,0,0,0,0,0,1,0,0,0,0,0,0,0,0,1,0,0,0
48,60,35,50,27,33,11,1,0,0,0,0,1,0,0,0,0,0,0,0,0,1,0,0,0
53,55,25,80,33,53,0,1,0,0,0,1,0,0,0,0,0,0,0,0,0,1,0,0,0
48,50,50,45,37,40,0,1,0,0,0,0,0,0,0,0,0,1,0,0,0,1,0,0,0
42,53,33,40,25,47,20,0,0,0,0,0,0,0,0,0,0,1,0,0,0,1,0,0,0
71,80,53,80,45,67,100,1,0,0,0,0,1,0,0,0,0,0,0,0,0,0,0,1,0
49,47,47,53,35,20,0,0,0,0,0,0,0,0,0,0,0,0,0,0,1,1,0,0,0
44,53,47,33,45,27,0,0,0,0,0,0,0,0,0,0,0,0,0,0,1,1,0,0,0
60,65,50,65,63,47,11,1,0,0,0,0,0,0,1,0,0,0,0,0,0,1,0,0,0
56,60,47,60,25,53,60,1,0,0,0,0,1,0,0,0,0,0,0,0,0,0,1,0,0
44,60,20,53,35,47,0,0,0,0,0,0,0,0,0,0,0,0,0,0,1,1,0,0,0
53,65,30,65,27,60,0,0,0,0,0,0,1,0,0,0,0,0,0,0,0,1,0,0,0
50,45,55,50,43,33,0,0,0,0,0,0,0,0,0,1,0,0,0,0,0,1,0,0,0
49,67,27,53,35,53,0,1,0,0,0,0,0,0,0,1,0,0,0,0,0,1,0,0,0
67,60,47,93,35,60,0,1,0,0,0,0,1,0,0,0,0,0,0,0,0,1,0,0,0
40,53,27,40,35,27,20,0,0,0,0,0,0,0,0,1,0,0,0,0,0,1,0,0,0
56,73,27,67,45,40,0,1,0,0,0,0,0,0,0,1,0,0,0,0,0,1,0,0,0
53,67,47,47,35,53,0,1,0,0,0,0,0,0,0,1,0,0,0,0,0,1,0,0,0
53,60,53,47,40,67,60,1,0,0,0,0,1,0,0,0,0,0,0,0,0,1,0,0,0
58,60,47,67,30,47,0,1,0,0,0,0,0,0,1,0,0,0,0,0,0,1,0,0,0
53,60,40,60,17,33,0,1,0,0,0,0,0,0,0,1,0,0,0,0,0,1,0,0,0
31,40,27,27,10,20,0,0,0,0,0,0,0,0,0,1,0,0,0,0,0,1,0,0,0
53,40,53,67,40,13,0,0,0,0,0,0,0,0,0,0,0,0,0,0,1,1,0,0,0
53,67,33,60,65,20,20,1,0,0,0,0,0,0,1,0,0,0,0,0,0,1,0,0,0
60,73,47,60,50,53,20,1,0,0,0,0,1,0,0,0,0,0,0,0,0,1,0,0,0
38,47,27,40,50,33,0,0,0,0,0,0,0,0,0,1,0,0,0,0,0,1,0,0,0
31,27,27,40,35,33,0,0,0,0,0,0,0,0,0,1,0,0,0,0,0,1,0,0,0
36,40,33,33,35,27,0,0,0,0,0,0,1,0,0,0,0,0,0,0,0,1,0,0,0
53,53,47,60,25,60,60,1,0,0,0,0,1,0,0,0,0,0,0,0,0,1,0,0,0
53,60,40,60,30,20,0,1,0,0,0,0,0,0,0,0,0,0,1,0,0,1,0,0,0
44,53,20,60,30,47,20,0,0,0,0,0,1,0,0,0,0,0,0,0,0,1,0,0,0
25,10,30,35,43,27,0,0,0,0,0,0,0,0,0,1,0,0,0,0,0,1,0,0,0
57,70,35,65,27,33,0,1,0,0,0,0,1,0,0,0,0,0,0,0,0,1,0,0,0
62,67,53,67,55,53,92,1,0,0,0,0,1,0,0,0,0,0,0,0,0,1,0,0,0
42,27,60,40,40,27,0,0,0,0,0,0,0,0,0,1,0,0,0,0,0,1,0,0,0
47,47,40,53,45,40,0,0,0,0,0,0,0,0,0,1,0,0,0,0,0,1,0,0,0
55,55,60,50,50,47,0,1,0,0,0,0,0,0,0,0,0,0,0,0,1,1,0,0,0
44,33,60,40,55,20,0,0,0,0,0,0,0,1,0,0,0,0,0,0,0,1,0,0,0
60,60,70,50,53,53,32,1,0,0,0,0,1,0,0,0,0,0,0,0,0,1,0,0,0
29,40,27,20,35,27,0,0,0,0,0,0,1,0,0,0,0,0,0,0,0,1,0,0,0
40,47,40,33,30,33,0,0,0,0,0,0,1,0,0,0,0,0,0,0,0,1,0,0,0
58,80,33,60,35,27,0,1,0,0,0,0,0,0,0,0,0,0,0,0,1,1,0,0,0
36,60,27,20,50,47,0,0,0,0,0,0,0,0,0,1,0,0,0,0,0,1,0,0,0
62,80,35,70,53,40,0,1,0,0,1,0,0,0,0,0,0,0,0,0,0,1,0,0,0
58,60,47,67,70,20,0,1,0,0,0,0,0,0,0,0,0,0,0,0,1,1,0,0,0
56,67,47,53,50,47,60,1,0,0,0,0,1,0,0,0,0,0,0,0,0,1,0,0,0
62,73,60,53,50,33,0,0,0,0,0,0,0,0,0,1,0,0,0,0,0,1,0,0,0
33,50,0,50,30,20,0,0,0,0,0,0,0,0,0,0,0,1,0,0,0,1,0,0,0
49,40,33,73,30,33,20,0,0,0,0,0,0,0,0,0,0,1,0,0,0,1,0,0,0
44,33,27,73,40,40,58,0,0,0,0,0,1,0,0,0,0,0,0,0,0,1,0,0,0
53,60,40,60,30,47,0,0,0,1,0,0,0,0,0,0,0,0,0,0,0,1,0,0,0
52,35,50,70,23,33,0,0,0,0,0,0,0,0,0,1,0,0,0,0,0,1,0,0,0
51,80,20,53,30,47,0,0,0,0,0,0,0,0,0,1,0,0,0,0,0,1,0,0,0
44,47,33,53,20,27,0,0,0,0,0,0,0,0,0,1,0,0,0,0,0,1,0,0,0
42,53,33,40,45,33,0,0,0,0,0,0,1,0,0,0,0,0,0,0,0,1,0,0,0
52,65,35,55,27,60,0,1,0,0,0,0,0,0,0,1,0,0,0,0,0,1,0,0,0
47,67,20,53,25,47,20,1,0,0,0,0,1,0,0,0,0,0,0,0,0,1,0,0,0
40,33,27,60,25,40,0,0,0,0,0,0,1,0,0,0,0,0,0,0,0,1,0,0,0
60,33,60,87,65,40,0,0,0,0,0,0,0,0,0,1,0,0,0,0,0,1,0,0,0
60,60,60,60,33,40,32,1,0,0,0,0,1,0,0,0,0,0,0,0,0,1,0,0,0
53,67,40,53,55,67,0,0,0,0,0,0,0,0,0,0,0,0,0,0,1,1,0,0,0
47,75,15,50,23,27,9,0,0,0,0,0,1,0,0,0,0,0,0,0,0,1,0,0,0
44,33,40,60,20,47,0,0,0,0,0,0,1,0,0,0,0,0,0,0,0,1,0,0,0
44,67,27,40,15,27,0,0,0,0,0,0,1,0,0,0,0,0,0,0,0,1,0,0,0
45,20,75,40,30,67,11,0,0,0,0,0,1,0,0,0,0,0,0,0,0,1,0,0,0
58,67,40,67,50,40,20,0,0,0,0,0,0,0,0,1,0,0,0,0,0,1,0,0,0
42,47,33,47,20,40,0,0,0,0,0,0,0,0,0,1,0,0,0,0,0,1,0,0,0
62,80,53,53,45,33,0,1,0,1,0,0,0,0,0,0,0,0,0,0,0,1,0,0,0
40,53,20,47,50,47,0,0,0,0,0,0,0,1,0,0,0,0,0,0,0,1,0,0,0
24,13,13,47,10,40,0,0,0,0,0,0,0,0,0,0,0,1,0,0,0,1,0,0,0
49,67,33,47,35,40,0,0,0,0,0,0,0,0,0,1,0,0,0,0,0,1,0,0,0
64,60,80,53,50,53,60,0,0,0,0,0,1,0,0,0,0,0,0,0,0,1,0,0,0
50,50,35,65,67,53,11,1,0,0,0,0,1,0,0,0,0,0,0,0,0,1,0,0,0
53,67,27,67,25,33,0,1,0,0,0,0,0,0,1,0,0,0,0,0,0,1,0,0,0
51,47,40,67,25,27,0,0,0,0,0,0,1,0,0,0,0,0,0,0,0,1,0,0,0
64,73,40,80,40,40,0,1,0,0,0,0,0,0,0,0,0,0,0,0,1,1,0,0,0
42,33,53,40,25,33,0,0,0,0,0,0,1,0,0,0,0,0,0,0,0,1,0,0,0
67,60,67,73,50,53,0,1,0,1,0,0,0,0,0,0,0,0,0,0,0,1,0,0,0
29,53,7,27,25,13,0,0,0,0,0,0,1,0,0,0,0,0,0,0,0,1,0,0,0
29,33,40,13,30,27,0,0,0,0,0,0,0,0,0,1,0,0,0,0,0,1,0,0,0
78,67,73,93,40,60,60,1,0,0,0,0,1,0,0,0,0,0,0,0,0,1,0,0,0
20,25,25,10,20,27,0,0,0,0,0,0,0,0,0,1,0,0,0,0,0,1,0,0,0
58,73,40,60,45,33,0,1,0,0,0,0,0,0,0,0,0,0,0,0,1,1,0,0,0
58,67,47,60,55,47,92,1,0,0,0,0,0,0,0,0,0,1,0,0,0,1,0,0,0
69,80,47,80,60,47,60,1,0,0,0,0,0,0,0,1,0,0,0,0,0,1,0,0,0
49,60,33,53,20,13,0,0,0,0,0,0,1,0,0,0,0,0,0,0,0,1,0,0,0
56,67,27,73,45,33,0,1,0,0,0,0,0,0,0,1,0,0,0,0,0,1,0,0,0
58,60,47,67,70,20,0,1,0,0,0,0,0,0,0,0,0,0,0,0,1,1,0,0,0
38,40,20,53,30,40,0,0,0,0,0,0,1,0,0,0,0,0,0,0,0,1,0,0,0
57,75,45,50,43,40,0,1,0,0,0,0,0,0,0,1,0,0,0,0,0,1,0,0,0
67,80,60,60,65,60,60,1,0,0,0,0,0,0,0,1,0,0,0,0,0,1,0,0,0
42,47,47,33,80,53,0,0,0,0,0,0,0,0,0,1,0,0,0,0,0,1,0,0,0
51,47,53,53,55,47,0,0,0,1,0,0,0,0,0,0,0,0,0,0,0,1,0,0,0
38,20,27,67,45,33,0,0,0,0,0,0,0,1,0,0,0,0,0,0,0,1,0,0,0
40,30,50,40,37,47,0,0,0,0,0,0,1,0,0,0,0,0,0,0,0,1,0,0,0
53,65,25,70,40,20,0,0,0,0,0,0,0,0,0,1,0,0,0,0,0,1,0,0,0
38,47,27,40,30,67,40,0,0,0,0,0,1,0,0,0,0,0,0,0,0,1,0,0,0
50,70,30,50,33,27,0,1,0,0,0,0,0,0,0,1,0,0,0,0,0,1,0,0,0
40,60,20,40,50,33,0,0,0,0,0,0,0,0,0,0,0,0,0,0,1,1,0,0,0
44,73,27,33,35,33,20,0,0,0,0,0,0,0,0,1,0,0,0,0,0,1,0,0,0
60,60,47,73,25,40,20,0,0,0,0,0,1,0,0,0,0,0,0,0,0,1,0,0,0
24,33,0,40,20,13,0,0,0,0,0,0,1,0,0,0,0,0,0,0,0,1,0,0,0
49,53,40,53,25,53,0,0,0,0,0,0,0,1,0,0,0,0,0,0,0,1,0,0,0
53,45,65,50,47,80,10,0,0,0,0,0,1,0,0,0,0,0,0,0,0,1,0,0,0
58,70,35,70,57,47,0,1,0,0,0,0,0,0,0,0,0,0,0,0,1,1,0,0,0
71,67,60,87,50,40,0,0,0,0,0,0,0,0,0,0,0,1,0,0,0,1,0,0,0
36,47,20,40,20,20,0,0,0,0,0,0,1,0,0,0,0,0,0,0,0,1,0,0,0
49,40,60,47,30,27,0,0,0,0,0,0,1,0,0,0,0,0,0,0,0,1,0,0,0
56,73,47,47,50,67,0,0,0,0,0,0,0,0,0,0,0,1,0,0,0,0,1,0,0
40,53,40,27,25,53,0,0,0,1,0,0,0,0,0,0,0,0,0,0,0,1,0,0,0
38,53,47,13,30,40,0,0,0,0,0,0,0,1,0,0,0,0,0,0,0,1,0,0,0
58,60,47,67,30,47,0,1,0,0,0,0,0,0,1,0,0,0,0,0,0,1,0,0,0
53,53,33,73,55,53,98,1,0,0,0,0,0,0,0,0,0,1,0,0,0,1,0,0,0
40,33,33,53,25,33,0,0,0,0,0,0,0,0,0,1,0,0,0,0,0,1,0,0,0
44,40,47,47,50,47,0,0,0,0,0,0,0,0,0,0,0,0,0,0,1,1,0,0,0
52,55,45,55,37,33,11,1,0,0,0,0,0,1,0,0,0,0,0,0,0,1,0,0,0
22,13,20,33,40,33,0,0,0,0,0,0,0,0,0,0,0,0,0,0,1,1,0,0,0
47,60,27,53,25,13,0,1,0,0,0,0,0,0,0,0,0,0,0,0,1,1,0,0,0
42,40,33,53,45,27,0,0,0,0,0,0,1,0,0,0,0,0,0,0,0,1,0,0,0
47,13,40,87,55,47,0,0,0,0,0,0,0,0,0,0,0,0,0,0,1,1,0,0,0
40,60,27,33,25,27,0,0,0,1,0,0,0,0,0,0,0,0,0,0,0,1,0,0,0
58,73,40,60,60,53,96,1,0,0,0,0,1,0,0,0,0,0,0,0,0,1,0,0,0
49,47,40,60,40,53,0,0,0,0,0,0,1,0,0,0,0,0,0,0,0,1,0,0,0
51,40,60,53,35,27,0,0,0,0,0,0,0,0,0,1,0,0,0,0,0,1,0,0,0
56,60,40,67,45,47,56,1,0,0,0,0,1,0,0,0,0,0,0,0,0,1,0,0,0
55,55,30,80,27,80,100,0,0,0,0,0,0,0,0,1,0,0,0,0,0,1,0,0,0
58,60,45,70,47,40,0,1,0,0,0,0,0,0,0,1,0,0,0,0,0,1,0,0,0
47,50,30,60,20,13,0,1,0,0,0,0,0,0,0,0,0,1,0,0,0,1,0,0,0
67,67,40,93,65,40,20,0,0,0,0,0,1,0,0,0,0,0,0,0,0,1,0,0,0
27,13,60,7,30,13,0,0,0,0,0,0,0,1,0,0,0,0,0,0,0,1,0,0,0
33,53,40,7,50,40,0,0,0,0,0,0,1,0,0,0,0,0,0,0,0,1,0,0,0
36,53,13,40,25,33,20,0,0,0,0,0,1,0,0,0,0,0,0,0,0,1,0,0,0
44,53,27,53,10,73,0,0,0,0,0,0,1,0,0,0,0,0,0,0,0,1,0,0,0
42,67,27,33,15,27,20,0,0,0,0,0,1,0,0,0,0,0,0,0,0,1,0,0,0
50,60,45,45,23,40,10,1,0,0,0,0,1,0,0,0,0,0,0,0,0,1,0,0,0
29,40,20,27,45,20,0,0,0,0,0,0,0,0,0,1,0,0,0,0,0,1,0,0,0
47,53,27,60,35,33,20,0,0,0,0,0,0,0,0,1,0,0,0,0,0,1,0,0,0
38,45,20,50,33,40,11,0,0,0,0,0,1,0,0,0,0,0,0,0,0,1,0,0,0
55,65,40,60,37,33,0,1,0,0,0,0,1,0,0,0,0,0,0,0,0,1,0,0,0
40,53,13,53,60,27,20,0,0,0,0,0,0,0,0,1,0,0,0,0,0,1,0,0,0
53,73,33,53,30,20,0,1,0,0,0,0,0,0,0,1,0,0,0,0,0,1,0,0,0
36,33,40,33,40,27,0,0,0,0,0,0,0,0,0,1,0,0,0,0,0,1,0,0,0
62,67,53,67,55,67,60,1,0,0,0,0,0,0,0,0,0,0,0,1,0,0,0,0,1
40,33,47,40,20,27,0,0,0,0,0,0,0,1,0,0,0,0,0,0,0,1,0,0,0
36,33,33,40,25,27,0,0,0,0,0,0,1,0,0,0,0,0,0,0,0,1,0,0,0
60,67,40,73,55,40,0,1,0,0,0,0,0,0,0,1,0,0,0,0,0,1,0,0,0
48,50,35,60,33,40,0,1,0,0,0,0,1,0,0,0,0,0,0,0,0,1,0,0,0
38,65,0,50,37,47,0,0,0,0,0,0,0,0,0,0,0,1,0,0,0,1,0,0,0
49,60,33,53,45,27,0,0,0,0,0,0,0,1,0,0,0,0,0,0,0,1,0,0,0
70,70,60,80,43,33,0,1,0,0,0,0,0,0,0,1,0,0,0,0,0,1,0,0,0
33,40,33,27,30,33,0,0,0,0,0,0,1,0,0,0,0,0,0,0,0,1,0,0,0
53,67,27,67,25,33,0,1,0,0,0,0,0,0,1,0,0,0,0,0,0,1,0,0,0
36,40,27,40,20,27,0,0,0,0,0,0,1,0,0,0,0,0,0,0,0,1,0,0,0
58,67,40,67,60,73,92,1,0,0,0,0,1,0,0,0,0,0,0,0,0,1,0,0,0
36,40,13,53,20,53,0,0,0,0,0,0,1,0,0,0,0,0,0,0,0,1,0,0,0
47,47,40,53,35,47,0,0,0,0,0,0,1,0,0,0,0,0,0,0,0,1,0,0,0
36,47,7,53,35,20,0,0,0,0,0,0,0,0,0,1,0,0,0,0,0,1,0,0,0
29,40,0,47,10,47,0,0,0,0,0,0,1,0,0,0,0,0,0,0,0,1,0,0,0
58,80,33,60,35,27,0,1,0,0,0,0,0,0,0,0,0,0,0,0,1,1,0,0,0
58,53,60,60,35,40,52,0,0,0,0,0,1,0,0,0,0,0,0,0,0,1,0,0,0
43,50,20,60,30,53,0,1,0,0,0,0,0,0,0,1,0,0,0,0,0,1,0,0,0
50,55,50,45,43,60,0,1,0,0,0,0,0,0,1,0,0,0,0,0,0,1,0,0,0
44,60,33,40,25,47,0,0,0,0,0,0,1,0,0,0,0,0,0,0,0,1,0,0,0
53,53,33,73,25,40,60,1,0,0,0,0,1,0,0,0,0,0,0,0,0,1,0,0,0
53,67,47,47,35,27,0,0,0,0,0,0,0,1,0,0,0,0,0,0,0,1,0,0,0
49,47,47,53,40,47,0,0,0,0,0,0,0,0,0,1,0,0,0,0,0,1,0,0,0
40,47,27,47,45,27,0,0,0,0,0,0,0,0,0,0,1,0,0,0,0,1,0,0,0
58,67,40,67,40,40,20,0,0,0,0,0,1,0,0,0,0,0,0,0,0,1,0,0,0
33,60,20,20,40,13,0,0,0,0,0,0,0,1,0,0,0,0,0,0,0,1,0,0,0
57,70,50,50,27,40,0,1,0,0,0,0,0,0,0,1,0,0,0,0,0,1,0,0,0
58,47,67,60,55,27,0,0,0,0,0,0,0,0,0,0,0,0,0,0,1,1,0,0,0
33,47,27,27,40,33,0,0,0,0,0,0,0,0,1,0,0,0,0,0,0,1,0,0,0
62,67,33,87,50,53,98,1,0,0,0,0,1,0,0,0,0,0,0,0,0,0,1,0,0
67,80,60,60,55,60,60,1,0,0,0,0,1,0,0,0,0,0,0,0,0,1,0,0,0
53,73,40,47,55,33,0,1,0,0,0,0,0,0,0,0,0,0,0,0,1,1,0,0,0
64,80,73,40,40,47,0,0,0,0,0,0,0,0,0,1,0,0,0,0,0,1,0,0,0
51,60,40,53,40,33,0,1,0,0,0,0,0,1,0,0,0,0,0,0,0,1,0,0,0
49,67,33,47,20,27,0,0,0,0,0,0,0,0,0,0,0,1,0,0,0,1,0,0,0
55,55,40,70,37,40,0,1,0,0,0,0,1,0,0,0,0,0,0,0,0,1,0,0,0
49,40,47,60,50,40,0,0,0,0,0,0,0,0,0,1,0,0,0,0,0,1,0,0,0
53,33,47,80,20,53,0,0,0,0,0,0,0,1,0,0,0,0,0,0,0,1,0,0,0
48,30,35,80,37,40,11,0,0,0,0,0,1,0,0,0,0,0,0,0,0,1,0,0,0
47,27,47,67,40,47,0,0,0,0,0,0,0,0,0,1,0,0,0,0,0,0,0,1,0
38,47,33,33,45,40,0,0,0,0,0,0,0,0,0,1,0,0,0,0,0,1,0,0,0
42,40,20,67,35,40,0,0,0,0,0,0,1,0,0,0,0,0,0,0,0,1,0,0,0
47,53,40,47,50,47,0,0,0,0,0,0,0,0,0,1,0,0,0,0,0,1,0,0,0
44,67,27,40,45,33,0,0,0,0,0,0,1,0,0,0,0,0,0,0,0,1,0,0,0
35,40,25,40,30,33,0,0,0,0,0,0,1,0,0,0,0,0,0,0,0,1,0,0,0
56,60,40,67,20,33,0,1,0,0,0,0,1,0,0,0,0,0,0,0,0,1,0,0,0
60,55,70,55,40,60,11,1,0,0,1,0,0,0,0,0,0,0,0,0,0,1,0,0,0
44,40,27,67,40,20,0,0,0,0,0,0,0,0,0,1,0,0,0,0,0,1,0,0,0
51,67,33,53,40,47,0,1,0,0,0,0,0,0,0,0,0,0,1,0,0,1,0,0,0
53,53,47,60,20,40,94,1,0,0,0,0,1,0,0,0,0,0,0,0,0,1,0,0,0
51,67,47,40,35,13,0,0,0,0,0,1,0,0,0,0,0,0,0,0,0,1,0,0,0
62,73,60,53,30,47,0,1,0,0,0,0,0,1,0,0,0,0,0,0,0,1,0,0,0
62,67,60,60,35,40,0,0,0,0,0,0,0,0,1,0,0,0,0,0,0,1,0,0,0
29,40,13,33,40,40,0,0,0,1,0,0,0,0,0,0,0,0,0,0,0,1,0,0,0
36,47,20,40,30,40,0,0,0,0,0,0,0,0,0,0,0,1,0,0,0,1,0,0,0
56,60,33,73,35,20,0,1,0,0,0,0,0,0,0,1,0,0,0,0,0,1,0,0,0
69,67,73,67,55,60,60,1,0,0,0,0,1,0,0,0,0,0,0,0,0,1,0,0,0
50,75,20,55,23,33,11,1,0,0,0,0,0,0,0,0,0,0,0,1,0,0,0,0,1
36,20,27,60,25,20,0,0,0,0,0,0,0,0,0,0,0,0,0,0,1,1,0,0,0
47,55,40,45,37,33,0,1,0,0,0,0,1,0,0,0,0,0,0,0,0,1,0,0,0
67,60,65,75,43,40,0,1,0,0,0,0,0,0,0,0,0,0,0,0,1,1,0,0,0
56,60,33,73,25,33,20,1,0,0,0,0,0,0,0,1,0,0,0,0,0,1,0,0,0
52,75,25,55,30,33,10,1,0,0,0,0,0,0,0,0,0,1,0,0,0,1,0,0,0
31,40,13,40,35,27,0,0,0,0,0,0,0,0,0,1,0,0,0,0,0,1,0,0,0
57,60,50,60,43,53,11,1,0,0,0,0,0,0,0,1,0,0,0,0,0,1,0,0,0
64,47,80,67,35,60,60,1,0,0,0,0,1,0,0,0,0,0,0,0,0,1,0,0,0
67,67,53,80,15,27,0,1,0,0,0,0,1,0,0,0,0,0,0,0,0,1,0,0,0
71,80,53,80,45,67,100,1,0,0,0,0,1,0,0,0,0,0,0,0,0,0,0,1,0
42,55,20,50,23,13,0,1,0,0,0,0,0,0,0,1,0,0,0,0,0,1,0,0,0
56,73,47,47,45,20,0,0,0,0,0,0,1,0,0,0,0,0,0,0,0,1,0,0,0
47,60,20,60,40,47,0,0,0,0,0,0,1,0,0,0,0,0,0,0,0,1,0,0,0
60,60,73,47,40,47,0,1,0,0,0,0,0,0,0,1,0,0,0,0,0,1,0,0,0
60,67,40,73,60,60,100,1,0,0,0,0,1,0,0,0,0,0,0,0,0,1,0,0,0
67,60,60,80,45,53,100,1,0,0,0,0,1,0,0,0,0,0,0,0,0,1,0,0,0
36,27,33,47,20,47,0,0,0,0,0,0,1,0,0,0,0,0,0,0,0,1,0,0,0
62,73,40,73,50,47,60,1,0,0,0,1,0,0,0,0,0,0,0,0,0,1,0,0,0
42,20,67,40,30,33,0,0,0,0,0,0,0,0,0,0,0,0,0,1,0,0,0,0,1
60,47,73,60,10,33,0,0,0,0,0,0,0,0,1,0,0,0,0,0,0,1,0,0,0
44,60,47,27,55,27,52,0,0,0,0,0,0,0,1,0,0,0,0,0,0,1,0,0,0
60,67,53,60,65,33,0,1,0,0,0,0,0,0,0,0,0,0,0,0,1,1,0,0,0
38,53,20,40,35,40,0,0,0,0,0,0,0,0,0,0,0,0,0,0,1,1,0,0,0
58,60,65,50,37,47,11,1,0,0,0,0,1,0,0,0,0,0,0,0,0,1,0,0,0
53,67,33,60,40,40,0,1,0,0,0,0,0,0,0,1,0,0,0,0,0,1,0,0,0
62,60,40,85,27,73,11,1,0,0,0,0,0,0,0,0,0,1,0,0,0,1,0,0,0
69,73,73,60,70,60,98,1,0,0,0,0,1,0,0,0,0,0,0,0,0,1,0,0,0
58,60,53,60,55,40,20,1,0,0,0,0,0,0,0,0,0,1,0,0,0,1,0,0,0
55,50,45,70,40,33,0,1,0,0,0,0,0,0,1,0,0,0,0,0,0,1,0,0,0
56,80,33,53,70,40,0,0,0,0,0,0,0,0,0,1,0,0,0,0,0,1,0,0,0
48,60,40,45,23,67,11,1,0,0,0,0,1,0,0,0,0,0,0,0,0,1,0,0,0
56,60,40,67,35,33,0,1,0,0,0,0,1,0,0,0,0,0,0,0,0,1,0,0,0
49,53,27,67,40,20,0,0,0,0,0,0,0,0,1,0,0,0,0,0,0,1,0,0,0
65,70,55,70,23,33,0,1,0,0,0,0,1,0,0,0,0,0,0,0,0,1,0,0,0
33,33,53,13,30,47,0,0,0,0,0,0,0,0,0,0,0,0,0,0,1,1,0,0,0
44,60,20,53,50,13,20,0,0,0,0,0,0,0,0,0,0,1,0,0,0,1,0,0,0
44,47,40,47,30,47,0,0,0,0,0,0,1,0,0,0,0,0,0,0,0,1,0,0,0
58,33,60,80,35,40,0,0,0,0,0,0,0,0,0,0,0,0,0,1,0,0,0,0,1
50,65,25,60,33,33,0,1,0,0,0,0,1,0,0,0,0,0,0,0,0,1,0,0,0
63,60,65,65,43,53,11,1,0,0,0,0,1,0,0,0,0,0,0,0,0,1,0,0,0
60,67,40,73,60,60,100,1,0,0,0,0,1,0,0,0,0,0,0,0,0,1,0,0,0
58,73,33,67,30,27,0,0,0,0,0,0,0,1,0,0,0,0,0,0,0,1,0,0,0
64,67,60,67,60,87,96,1,0,0,0,0,0,0,0,1,0,0,0,0,0,1,0,0,0
18,40,7,7,25,20,0,0,0,0,0,0,1,0,0,0,0,0,0,0,0,1,0,0,0
62,55,70,60,37,60,0,1,0,0,0,0,0,0,0,1,0,0,0,0,0,1,0,0,0
58,55,75,45,30,47,0,1,0,0,0,0,1,0,0,0,0,0,0,0,0,1,0,0,0
24,20,33,20,30,27,0,0,0,0,0,0,1,0,0,0,0,0,0,0,0,1,0,0,0
38,47,13,53,35,20,0,0,0,0,0,0,0,0,0,1,0,0,0,0,0,1,0,0,0
47,60,27,53,35,0,0,1,0,0,0,0,0,0,0,0,0,0,0,0,1,1,0,0,0
47,40,50,50,43,27,0,0,0,0,0,0,0,0,0,0,0,0,0,0,1,1,0,0,0
47,27,53,60,50,27,0,0,0,0,0,0,0,0,0,0,0,0,0,0,1,1,0,0,0
56,67,33,67,50,13,0,0,0,0,0,0,0,0,0,1,0,0,0,0,0,1,0,0,0
48,50,35,60,43,33,9,1,0,0,0,0,1,0,0,0,0,0,0,0,0,1,0,0,0
63,75,45,70,20,53,11,1,0,0,0,0,1,0,0,0,0,0,0,0,0,1,0,0,0
51,47,47,60,45,40,96,1,0,0,0,0,0,1,0,0,0,0,0,0,0,1,0,0,0
58,60,33,80,45,33,16,0,0,0,0,0,0,0,0,1,0,0,0,0,0,1,0,0,0
47,33,60,47,45,33,0,0,0,0,0,0,0,0,0,1,0,0,0,0,0,1,0,0,0
51,53,47,53,40,40,0,0,0,0,0,0,1,0,0,0,0,0,0,0,0,1,0,0,0
53,53,53,53,40,13,0,0,0,1,0,0,0,0,0,0,0,0,0,0,0,1,0,0,0
67,80,60,60,65,60,60,1,0,0,0,0,0,0,0,1,0,0,0,0,0,1,0,0,0
58,67,33,73,55,73,100,1,0,0,0,0,0,0,0,0,0,0,0,0,1,1,0,0,0
58,80,53,40,45,20,0,0,0,0,0,0,0,0,0,1,0,0,0,0,0,1,0,0,0
47,65,25,50,20,33,0,1,0,0,0,0,1,0,0,0,0,0,0,0,0,1,0,0,0
62,60,47,80,50,60,0,0,0,0,0,0,0,1,0,0,0,0,0,0,0,0,1,0,0
44,47,40,47,35,13,0,0,0,0,0,0,1,0,0,0,0,0,0,0,0,1,0,0,0
40,53,40,27,10,13,0,0,0,0,0,0,1,0,0,0,0,0,0,0,0,1,0,0,0
44,47,40,47,40,40,0,0,0,0,0,0,0,1,0,0,0,0,0,0,0,1,0,0,0
62,60,73,53,30,20,20,1,0,0,0,0,0,1,0,0,0,0,0,0,0,1,0,0,0
51,60,27,67,25,33,0,1,0,0,0,0,0,0,0,0,0,0,0,0,1,1,0,0,0
49,67,27,53,30,27,0,0,0,0,0,0,0,0,0,1,0,0,0,0,0,1,0,0,0
62,67,60,60,60,73,94,1,0,0,0,0,1,0,0,0,0,0,0,0,0,1,0,0,0
58,60,33,80,35,53,0,1,0,0,0,0,0,1,0,0,0,0,0,0,0,1,0,0,0
31,40,20,33,35,27,0,0,0,0,0,0,0,0,0,0,0,1,0,0,0,1,0,0,0
68,85,50,70,33,60,0,1,0,0,0,0,0,1,0,0,0,0,0,0,0,1,0,0,0
40,47,20,53,30,27,0,0,0,0,0,0,1,0,0,0,0,0,0,0,0,1,0,0,0
47,20,67,53,50,27,0,0,0,0,0,0,0,0,0,0,0,0,0,0,1,1,0,0,0
56,60,60,47,55,40,0,1,0,0,0,0,0,0,0,0,0,0,0,0,1,1,0,0,0
60,40,80,60,30,33,20,0,0,0,0,0,0,0,0,1,0,0,0,0,0,1,0,0,0
51,40,40,73,40,27,0,0,0,0,0,0,0,0,0,1,0,0,0,0,0,1,0,0,0
53,67,33,60,55,47,0,1,0,0,0,0,0,0,0,0,0,0,0,0,1,1,0,0,0
64,80,47,67,45,40,0,1,0,0,0,0,0,1,0,0,0,0,0,0,0,1,0,0,0
45,55,35,45,33,53,0,1,0,0,0,0,1,0,0,0,0,0,0,0,0,1,0,0,0
38,27,53,33,30,33,58,0,0,0,0,0,1,0,0,0,0,0,0,0,0,1,0,0,0
49,67,60,20,60,13,0,0,0,0,0,0,0,0,0,0,0,0,0,0,1,1,0,0,0
27,27,20,33,30,7,0,0,0,0,0,0,1,0,0,0,0,0,0,0,0,1,0,0,0
31,33,20,40,45,33,0,0,0,0,0,0,0,0,0,0,0,0,0,0,1,1,0,0,0
49,60,20,67,45,40,20,1,0,0,0,0,0,0,0,0,0,1,0,0,0,1,0,0,0
50,50,55,45,47,40,0,1,0,0,0,0,0,1,0,0,0,0,0,0,0,1,0,0,0
51,47,47,60,50,40,0,0,0,0,0,0,0,0,0,1,0,0,0,0,0,1,0,0,0
51,47,47,60,45,40,96,1,0,0,0,0,0,1,0,0,0,0,0,0,0,1,0,0,0
47,60,27,53,75,47,0,1,0,0,0,0,0,0,0,0,0,0,0,0,1,1,0,0,0
64,93,40,60,60,47,60,1,0,0,0,0,1,0,0,0,0,0,0,0,0,1,0,0,0
58,67,33,73,30,33,0,1,0,0,0,0,0,1,0,0,0,0,0,0,0,1,0,0,0
33,33,33,33,20,33,0,0,0,0,0,0,0,1,0,0,0,0,0,0,0,1,0,0,0
37,55,20,35,43,40,0,0,0,0,0,0,0,0,0,1,0,0,0,0,0,1,0,0,0
53,53,47,60,20,40,94,1,0,0,0,0,1,0,0,0,0,0,0,0,0,1,0,0,0
60,73,53,53,10,47,0,1,0,0,0,0,0,0,0,1,0,0,0,0,0,1,0,0,0
40,27,47,47,30,20,0,0,0,0,0,0,0,0,0,1,0,0,0,0,0,1,0,0,0
38,60,13,40,40,40,0,0,0,0,0,0,0,0,0,1,0,0,0,0,0,1,0,0,0
33,13,27,60,35,7,0,0,0,0,0,0,0,0,0,0,0,0,0,0,1,1,0,0,0
64,73,53,67,80,47,100,1,0,0,0,0,0,0,0,0,0,1,0,0,0,1,0,0,0
48,60,40,45,37,53,0,1,0,0,0,0,1,0,0,0,0,0,0,0,0,1,0,0,0
62,40,60,87,55,27,0,0,0,0,0,0,0,0,0,0,0,0,0,0,1,0,0,1,0
56,60,33,73,40,40,0,1,0,0,0,0,1,0,0,0,0,0,0,0,0,1,0,0,0
62,67,53,67,35,33,20,1,0,1,0,0,0,0,0,0,0,0,0,0,0,1,0,0,0
47,67,20,53,40,33,0,1,0,0,0,0,0,0,0,1,0,0,0,0,0,1,0,0,0
53,65,30,65,37,33,10,1,0,0,0,0,1,0,0,0,0,0,0,0,0,1,0,0,0
40,50,25,45,33,27,11,1,0,0,0,0,1,0,0,0,0,0,0,0,0,1,0,0,0
67,73,60,67,35,40,60,1,0,0,0,0,0,0,0,1,0,0,0,0,0,1,0,0,0
50,60,40,50,30,33,0,1,0,0,0,0,0,0,0,1,0,0,0,0,0,1,0,0,0
58,75,35,65,30,40,0,1,0,0,0,0,0,0,0,0,0,1,0,0,0,1,0,0,0
60,60,60,60,35,47,60,1,0,0,0,0,0,0,0,0,1,0,0,0,0,1,0,0,0
33,33,27,40,45,27,0,0,0,0,0,0,1,0,0,0,0,0,0,0,0,1,0,0,0
49,60,47,40,40,33,0,0,0,0,0,0,0,0,0,0,0,0,0,0,1,1,0,0,0
52,50,30,75,47,53,0,1,0,0,0,0,1,0,0,0,0,0,0,0,0,1,0,0,0
71,73,67,73,70,67,100,1,0,0,0,0,0,0,0,1,0,0,0,0,0,1,0,0,0
36,27,27,53,10,47,0,0,0,0,0,0,0,0,0,1,0,0,0,0,0,1,0,0,0
50,50,45,55,40,53,0,1,0,0,0,0,0,0,0,0,0,0,0,0,1,1,0,0,0
47,20,73,47,55,33,0,0,0,0,0,0,0,0,0,0,0,0,0,0,1,1,0,0,0
42,60,47,20,45,47,0,0,0,0,0,0,0,0,0,1,0,0,0,0,0,1,0,0,0
51,60,60,33,30,33,20,0,0,0,0,0,0,0,0,1,0,0,0,0,0,1,0,0,0
60,40,67,73,40,33,0,0,0,0,0,0,0,0,0,1,0,0,0,0,0,1,0,0,0
40,15,30,75,23,40,0,0,0,0,0,0,0,0,0,0,0,0,0,0,1,1,0,0,0
49,60,40,47,30,47,0,1,0,0,0,0,0,0,0,1,0,0,0,0,0,1,0,0,0
53,60,40,60,65,33,100,1,0,0,0,0,1,0,0,0,0,0,0,0,0,1,0,0,0
49,40,40,67,55,33,0,0,0,0,0,0,0,0,1,0,0,0,0,0,0,1,0,0,0
38,33,47,33,25,60,0,0,0,0,0,0,0,0,1,0,0,0,0,0,0,1,0,0,0
52,50,40,65,30,47,0,1,0,0,0,0,0,0,0,0,0,0,0,0,1,1,0,0,0
60,87,20,73,50,60,20,0,0,0,0,0,1,0,0,0,0,0,0,0,0,0,1,0,0
40,40,47,33,35,40,0,0,0,0,0,0,0,0,0,0,0,0,0,0,1,1,0,0,0
62,67,73,47,30,20,0,1,0,0,0,0,0,0,0,0,0,1,0,0,0,1,0,0,0
62,73,53,60,45,47,94,1,0,0,0,0,1,0,0,0,0,0,0,0,0,1,0,0,0
48,55,25,65,27,53,11,1,0,0,0,0,0,0,1,0,0,0,0,0,0,1,0,0,0
49,47,53,47,20,13,0,0,0,0,0,0,1,0,0,0,0,0,0,0,0,1,0,0,0
58,53,60,60,50,40,60,1,0,0,0,0,0,0,0,1,0,0,0,0,0,1,0,0,0
60,80,73,27,25,33,20,0,0,0,0,0,1,0,0,0,0,0,0,0,0,1,0,0,0
48,55,40,50,33,47,0,1,0,0,0,0,0,1,0,0,0,0,0,0,0,1,0,0,0
44,47,27,60,15,53,0,0,0,0,0,0,0,0,0,0,0,0,0,1,0,0,0,0,1
20,0,60,0,50,40,0,0,0,0,0,0,0,1,0,0,0,0,0,0,0,1,0,0,0
62,53,67,67,60,40,20,0,0,0,0,0,0,0,0,0,0,0,0,0,1,1,0,0,0
60,60,40,80,50,33,0,1,0,0,0,0,0,0,0,0,0,0,0,0,1,1,0,0,0
37,50,15,45,27,27,0,1,0,0,0,0,0,0,0,1,0,0,0,0,0,1,0,0,0
47,47,33,60,20,20,0,0,0,0,0,0,0,0,0,1,0,0,0,0,0,1,0,0,0
62,67,33,87,50,53,98,1,0,0,0,0,1,0,0,0,0,0,0,0,0,0,1,0,0
49,60,40,47,50,40,0,1,0,0,0,0,0,0,0,0,0,0,0,0,1,1,0,0,0
44,47,27,60,20,53,0,0,0,0,0,0,1,0,0,0,0,0,0,0,0,1,0,0,0
49,53,47,47,30,53,0,0,0,0,0,0,0,0,0,0,0,1,0,0,0,1,0,0,0
62,73,47,67,40,47,0,0,0,0,0,0,0,0,0,0,0,0,0,0,1,1,0,0,0
24,20,20,33,30,27,0,0,0,0,0,0,1,0,0,0,0,0,0,0,0,1,0,0,0
40,45,25,50,23,27,0,0,0,0,0,0,1,0,0,0,0,0,0,0,0,1,0,0,0
63,70,45,75,37,33,0,1,0,0,0,0,0,0,0,0,0,0,0,0,1,1,0,0,0
38,53,60,0,35,20,0,0,0,0,0,0,0,0,1,0,0,0,0,0,0,1,0,0,0
44,33,40,60,50,27,0,0,0,0,0,0,0,0,0,0,0,0,0,0,1,1,0,0,0
53,73,33,53,35,60,20,1,0,0,0,0,1,0,0,0,0,0,0,0,0,1,0,0,0
33,27,33,40,30,27,0,0,0,0,0,0,1,0,0,0,0,0,0,0,0,1,0,0,0
58,73,40,60,30,53,20,1,0,0,0,0,1,0,0,0,0,0,0,0,0,1,0,0,0
49,60,33,53,20,13,0,1,0,0,0,0,0,1,0,0,0,0,0,0,0,1,0,0,0
58,73,40,60,40,53,20,1,0,1,0,0,0,0,0,0,0,0,0,0,0,1,0,0,0
42,53,33,40,35,40,0,0,0,0,0,0,0,0,1,0,0,0,0,0,0,1,0,0,0
42,53,40,33,50,60,20,0,0,0,0,0,0,0,0,1,0,0,0,0,0,1,0,0,0
31,40,13,40,55,20,0,0,0,0,0,1,0,0,0,0,0,0,0,0,0,1,0,0,0
44,60,47,27,35,33,0,0,0,0,0,0,0,0,0,1,0,0,0,0,0,1,0,0,0
82,80,100,67,55,80,96,1,0,0,0,0,0,0,0,1,0,0,0,0,0,1,0,0,0
62,73,60,53,30,47,0,1,0,0,0,0,0,1,0,0,0,0,0,0,0,1,0,0,0
53,73,40,47,50,60,88,0,0,0,0,0,1,0,0,0,0,0,0,0,0,0,1,0,0
60,73,47,60,50,53,20,1,0,0,0,0,1,0,0,0,0,0,0,0,0,1,0,0,0
67,87,47,67,70,73,90,1,0,0,0,0,1,0,0,0,0,0,0,0,0,1,0,0,0
65,60,60,75,40,40,0,1,0,0,0,0,0,0,0,1,0,0,0,0,0,1,0,0,0
62,80,33,73,50,40,20,0,0,0,0,0,1,0,0,0,0,0,0,0,0,1,0,0,0
40,33,47,40,40,20,0,0,0,0,0,0,1,0,0,0,0,0,0,0,0,0,1,0,0
38,33,53,27,50,60,20,0,0,0,0,0,0,0,0,0,0,0,0,0,1,1,0,0,0
44,60,27,47,30,33,0,0,0,1,0,0,0,0,0,0,0,0,0,0,0,1,0,0,0
53,20,80,60,20,40,0,0,0,0,0,0,0,0,0,1,0,0,0,0,0,1,0,0,0
57,65,50,55,30,40,0,1,0,0,0,0,0,0,0,1,0,0,0,0,0,1,0,0,0
51,53,40,60,30,7,0,0,0,0,0,0,0,0,0,0,0,0,0,0,1,1,0,0,0
36,27,33,47,30,47,0,0,0,0,0,0,1,0,0,0,0,0,0,0,0,1,0,0,0
63,60,65,65,33,40,11,1,0,0,0,0,1,0,0,0,0,0,0,0,0,1,0,0,0
47,50,25,65,17,40,11,0,0,0,0,0,1,0,0,0,0,0,0,0,0,1,0,0,0
33,33,13,53,50,20,0,0,0,0,0,0,0,0,0,1,0,0,0,0,0,1,0,0,0
38,67,13,33,35,27,0,0,0,0,0,0,1,0,0,0,0,0,0,0,0,1,0,0,0
23,30,20,20,30,13,0,0,0,0,0,0,0,0,0,0,0,1,0,0,0,1,0,0,0
51,47,20,87,50,33,0,0,0,0,0,0,0,0,0,1,0,0,0,0,0,1,0,0,0
62,53,73,60,30,33,55,0,0,0,0,0,0,0,0,1,0,0,0,0,0,1,0,0,0
40,47,20,53,55,47,0,0,0,0,0,0,1,0,0,0,0,0,0,0,0,1,0,0,0
50,50,55,45,50,33,54,1,0,0,0,0,1,0,0,0,0,0,0,0,0,1,0,0,0
48,40,30,75,37,33,0,0,0,0,0,0,0,0,0,1,0,0,0,0,0,1,0,0,0
36,67,20,20,35,33,0,0,0,0,0,0,1,0,0,0,0,0,0,0,0,1,0,0,0
42,13,80,33,50,73,100,0,0,0,0,0,1,0,0,0,0,0,0,0,0,1,0,0,0
50,55,50,45,53,40,0,1,0,0,0,0,0,0,0,0,0,0,0,0,1,1,0,0,0
65,65,60,70,43,40,33,1,0,0,0,0,0,0,0,1,0,0,0,0,0,1,0,0,0
57,50,60,60,40,40,0,1,0,0,0,0,0,0,0,1,0,0,0,0,0,1,0,0,0
56,67,53,47,50,13,0,0,0,0,0,0,0,0,1,0,0,0,0,0,0,1,0,0,0
47,47,33,60,15,27,0,0,0,0,0,0,0,0,1,0,0,0,0,0,0,1,0,0,0
55,60,30,75,33,60,0,1,0,0,0,0,0,1,0,0,0,0,0,0,0,1,0,0,0
51,67,20,67,65,53,20,1,0,0,0,0,0,1,0,0,0,0,0,0,0,1,0,0,0
27,15,30,35,43,47,0,0,0,0,0,0,1,0,0,0,0,0,0,0,0,1,0,0,0
44,60,33,40,20,20,0,0,0,0,0,0,0,0,1,0,0,0,0,0,0,0,0,1,0
58,67,33,73,45,53,0,0,0,0,0,0,0,0,1,0,0,0,0,0,0,1,0,0,0
49,40,60,47,30,27,0,0,0,0,0,0,1,0,0,0,0,0,0,0,0,1,0,0,0
52,50,45,60,30,33,0,1,0,0,0,0,0,0,0,0,0,0,0,0,1,1,0,0,0
49,53,53,40,25,40,0,0,0,0,0,0,0,0,0,1,0,0,0,0,0,1,0,0,0
33,30,40,30,17,40,0,0,0,0,0,0,0,0,0,1,0,0,0,0,0,1,0,0,0
60,73,47,60,35,40,60,1,0,0,0,0,0,0,0,1,0,0,0,0,0,1,0,0,0
33,33,33,33,15,33,0,0,0,0,0,0,1,0,0,0,0,0,0,0,0,1,0,0,0
40,47,33,40,30,60,0,0,0,0,0,0,0,0,0,1,0,0,0,0,0,1,0,0,0
48,65,35,45,30,47,11,1,0,0,0,0,1,0,0,0,0,0,0,0,0,1,0,0,0
64,73,53,67,35,53,96,1,0,0,0,0,1,0,0,0,0,0,0,0,0,1,0,0,0
44,53,33,47,35,53,0,0,0,0,0,0,0,0,1,0,0,0,0,0,0,1,0,0,0
40,33,47,40,50,40,0,0,0,0,0,0,0,0,0,0,0,0,0,0,1,1,0,0,0
47,47,40,53,25,53,0,0,0,0,0,0,1,0,0,0,0,0,0,0,0,1,0,0,0
49,60,27,60,30,33,0,1,0,0,0,0,0,1,0,0,0,0,0,0,0,1,0,0,0
48,50,55,40,27,47,0,0,0,0,0,0,0,0,0,1,0,0,0,0,0,1,0,0,0
27,33,0,47,40,40,0,0,0,0,0,0,1,0,0,0,0,0,0,0,0,1,0,0,0
24,13,33,27,30,20,0,0,0,0,0,0,0,0,0,0,0,0,0,0,1,1,0,0,0
40,33,60,27,40,47,0,0,0,0,0,0,0,0,0,0,0,0,0,0,1,1,0,0,0
62,70,50,65,37,33,0,1,0,0,0,0,1,0,0,0,0,0,0,0,0,1,0,0,0
42,40,33,53,60,40,0,0,0,0,0,0,0,0,0,0,0,0,0,0,1,1,0,0,0
55,60,60,45,37,33,0,1,0,0,0,0,0,0,0,1,0,0,0,0,0,1,0,0,0
56,87,27,53,45,40,20,1,0,0,0,0,0,0,0,1,0,0,0,0,0,1,0,0,0
18,13,20,20,35,40,0,0,0,0,0,0,0,0,0,0,0,0,0,0,1,1,0,0,0
31,20,20,53,30,40,0,0,0,0,0,0,1,0,0,0,0,0,0,0,0,1,0,0,0
51,67,40,47,30,27,0,1,0,0,0,0,0,0,0,1,0,0,0,0,0,1,0,0,0
60,67,47,67,30,27,0,1,0,1,0,0,0,0,0,0,0,0,0,0,0,1,0,0,0
53,33,67,60,55,13,0,0,0,0,0,0,0,1,0,0,0,0,0,0,0,0,1,0,0
49,60,40,47,45,67,20,1,0,0,0,0,1,0,0,0,0,0,0,0,0,1,0,0,0
51,40,67,47,55,47,60,0,0,0,0,0,0,0,0,1,0,0,0,0,0,1,0,0,0
38,55,30,30,37,13,0,0,0,0,0,0,1,0,0,0,0,0,0,0,0,1,0,0,0
73,87,60,73,85,60,100,1,0,0,0,0,0,0,0,1,0,0,0,0,0,1,0,0,0
53,73,40,47,30,40,56,1,0,0,0,0,1,0,0,0,0,0,0,0,0,1,0,0,0
67,67,60,73,30,33,60,1,0,0,0,0,0,0,1,0,0,0,0,0,0,1,0,0,0
56,60,47,60,45,20,0,0,0,0,0,0,1,0,0,0,0,0,0,0,0,0,1,0,0
38,53,20,40,40,40,0,0,0,0,0,0,1,0,0,0,0,0,0,0,0,1,0,0,0
36,40,47,20,45,40,20,0,0,0,0,0,0,0,0,1,0,0,0,0,0,1,0,0,0
43,50,35,45,33,40,0,1,0,0,0,0,0,1,0,0,0,0,0,0,0,1,0,0,0
31,47,20,27,35,40,0,0,0,0,0,0,0,0,0,0,0,0,0,0,1,1,0,0,0
36,33,13,60,35,13,0,0,0,0,0,0,1,0,0,0,0,0,0,0,0,1,0,0,0
69,80,80,47,60,80,20,0,0,0,0,0,0,1,0,0,0,0,0,0,0,1,0,0,0
53,60,40,60,40,33,56,0,0,0,0,0,1,0,0,0,0,0,0,0,0,1,0,0,0
22,47,13,7,15,20,0,0,0,0,0,0,1,0,0,0,0,0,0,0,0,1,0,0,0
38,25,35,55,20,13,0,0,0,0,0,0,0,1,0,0,0,0,0,0,0,1,0,0,0
44,53,67,13,35,40,0,0,0,0,0,0,0,0,0,0,0,0,0,0,1,0,0,1,0
78,73,73,87,45,53,100,1,0,0,0,0,1,0,0,0,0,0,0,0,0,1,0,0,0
53,65,35,60,37,60,11,1,0,0,0,0,1,0,0,0,0,0,0,0,0,1,0,0,0
51,60,47,47,40,40,0,1,0,0,0,0,0,0,0,1,0,0,0,0,0,1,0,0,0
51,60,47,47,35,47,0,0,0,0,0,0,1,0,0,0,0,0,0,0,0,1,0,0,0
50,50,45,55,27,27,0,1,0,0,0,0,1,0,0,0,0,0,0,0,0,1,0,0,0
49,33,53,60,45,7,0,0,0,0,0,0,1,0,0,0,0,0,0,0,0,1,0,0,0
32,50,10,35,27,40,0,0,0,0,0,0,0,0,0,1,0,0,0,0,0,1,0,0,0
50,65,35,50,40,47,0,1,0,0,0,1,0,0,0,0,0,0,0,0,0,1,0,0,0
31,27,53,13,45,33,0,0,0,0,0,0,0,0,0,0,0,0,0,0,1,1,0,0,0
53,67,33,60,40,40,0,1,0,0,0,0,0,0,0,1,0,0,0,0,0,1,0,0,0
62,73,53,60,45,47,94,1,0,0,0,0,1,0,0,0,0,0,0,0,0,1,0,0,0
64,73,47,73,55,20,0,1,0,0,0,0,0,0,0,0,0,0,0,0,1,1,0,0,0
44,53,27,53,10,73,0,0,0,0,0,0,1,0,0,0,0,0,0,0,0,1,0,0,0
65,60,60,75,0,40,0,1,1,0,0,0,0,0,0,0,0,0,0,0,0,1,0,0,0
62,65,50,70,43,60,0,1,0,0,0,0,0,0,1,0,0,0,0,0,0,1,0,0,0
56,67,47,53,45,40,18,0,0,0,0,0,1,0,0,0,0,0,0,0,0,1,0,0,0
40,53,7,60,60,33,0,0,0,0,0,0,0,0,0,0,0,0,0,0,1,1,0,0,0
60,65,60,55,40,40,11,1,0,0,0,0,0,0,0,0,0,0,0,0,1,1,0,0,0
40,53,33,33,20,20,0,0,0,0,0,0,0,1,0,0,0,0,0,0,0,1,0,0,0
78,67,80,87,45,47,90,1,0,0,0,0,0,1,0,0,0,0,0,0,0,1,0,0,0
56,53,40,73,40,33,0,0,0,0,0,0,1,0,0,0,0,0,0,0,0,0,0,1,0
51,73,27,53,40,33,0,1,0,0,0,0,0,0,0,1,0,0,0,0,0,1,0,0,0
38,73,20,20,15,33,0,0,0,0,0,0,1,0,0,0,0,0,0,0,0,1,0,0,0
48,50,35,60,37,33,0,1,0,0,0,0,0,1,0,0,0,0,0,0,0,1,0,0,0
44,33,60,40,50,47,0,0,0,0,0,0,0,0,0,1,0,0,0,0,0,1,0,0,0
33,53,27,20,15,67,0,0,0,0,0,0,1,0,0,0,0,0,0,0,0,1,0,0,0
31,53,13,27,35,33,20,0,0,0,0,0,0,0,0,1,0,0,0,0,0,1,0,0,0
52,50,40,65,47,67,0,1,0,0,0,0,0,0,0,1,0,0,0,0,0,1,0,0,0
62,80,50,55,43,33,0,1,0,0,0,0,0,0,0,1,0,0,0,0,0,1,0,0,0
62,50,60,75,47,47,11,1,0,0,0,0,1,0,0,0,0,0,0,0,0,1,0,0,0
58,60,60,53,45,53,20,1,0,0,0,0,0,1,0,0,0,0,0,0,0,1,0,0,0
82,80,93,73,55,80,60,1,0,0,0,0,0,0,0,1,0,0,0,0,0,1,0,0,0
58,55,55,65,33,53,32,1,0,0,0,0,1,0,0,0,0,0,0,0,0,1,0,0,0
53,67,40,53,50,33,0,1,0,0,0,0,0,0,0,1,0,0,0,0,0,1,0,0,0
22,40,0,27,20,27,0,0,0,0,0,0,1,0,0,0,0,0,0,0,0,1,0,0,0
38,53,40,20,15,20,0,0,0,0,0,0,0,1,0,0,0,0,0,0,0,1,0,0,0
53,60,40,60,35,33,0,1,0,0,0,0,1,0,0,0,0,0,0,0,0,1,0,0,0
53,80,33,47,40,47,20,0,0,0,0,0,1,0,0,0,0,0,0,0,0,1,0,0,0
49,47,60,40,30,53,20,0,0,0,0,0,0,0,0,0,0,1,0,0,0,1,0,0,0
53,55,30,75,47,60,0,1,0,0,0,0,1,0,0,0,0,0,0,0,0,1,0,0,0
47,60,27,53,75,47,0,1,0,0,0,0,0,0,0,0,0,0,0,0,1,1,0,0,0
71,67,60,87,50,40,0,0,0,0,0,0,0,0,0,0,0,1,0,0,0,1,0,0,0
84,87,93,73,65,53,100,1,0,0,0,0,0,0,0,1,0,0,0,0,0,1,0,0,0
60,60,67,53,45,53,20,1,0,0,0,0,0,0,0,1,0,0,0,0,0,1,0,0,0
58,80,10,85,47,60,0,0,0,0,0,0,0,0,0,0,0,0,0,1,0,0,0,0,1
24,33,7,33,20,27,0,0,0,0,0,0,1,0,0,0,0,0,0,0,0,1,0,0,0
40,40,27,53,35,27,0,0,0,0,0,0,0,0,0,1,0,0,0,0,0,1,0,0,0
42,67,27,33,30,73,0,0,0,0,0,0,0,0,0,1,0,0,0,0,0,1,0,0,0
47,67,20,53,25,47,20,1,0,0,0,0,1,0,0,0,0,0,0,0,0,1,0,0,0
45,50,30,55,70,53,0,1,0,0,0,0,0,0,0,1,0,0,0,0,0,1,0,0,0
53,60,35,65,40,60,42,1,0,0,0,0,1,0,0,0,0,0,0,0,0,1,0,0,0
47,47,47,47,25,27,0,0,0,0,0,0,1,0,0,0,0,0,0,0,0,1,0,0,0
56,53,53,60,45,73,96,1,0,0,0,0,1,0,0,0,0,0,0,0,0,1,0,0,0
60,60,60,60,23,40,0,1,0,0,0,0,0,1,0,0,0,0,0,0,0,1,0,0,0
47,60,13,67,30,47,0,0,0,0,0,0,0,0,0,1,0,0,0,0,0,1,0,0,0
53,50,55,55,33,33,11,1,0,0,0,0,0,0,0,0,0,1,0,0,0,1,0,0,0
56,47,53,67,70,67,88,1,0,0,0,0,1,0,0,0,0,0,0,0,0,1,0,0,0
56,47,47,73,35,53,100,1,0,0,0,0,1,0,0,0,0,0,0,0,0,1,0,0,0
65,55,55,85,50,47,11,1,0,0,0,0,0,0,0,0,0,0,0,0,1,1,0,0,0
49,47,33,67,35,33,20,0,0,0,0,0,1,0,0,0,0,0,0,0,0,1,0,0,0
49,60,40,47,45,67,20,1,0,0,0,0,1,0,0,0,0,0,0,0,0,1,0,0,0
47,60,20,60,20,13,0,0,0,0,0,0,0,0,1,0,0,0,0,0,0,1,0,0,0
60,50,75,55,30,53,11,1,0,0,0,0,1,0,0,0,0,0,0,0,0,1,0,0,0
38,47,33,33,25,20,0,0,0,0,0,0,1,0,0,0,0,0,0,0,0,1,0,0,0
47,53,20,67,30,7,0,0,0,0,0,0,0,1,0,0,0,0,0,0,0,1,0,0,0
78,67,80,87,45,47,90,1,0,0,0,0,0,1,0,0,0,0,0,0,0,1,0,0,0
47,60,27,53,25,33,20,1,0,0,0,0,1,0,0,0,0,0,0,0,0,1,0,0,0
49,53,40,53,60,33,0,0,0,0,0,0,0,0,0,0,0,0,0,0,1,1,0,0,0
42,53,40,33,30,13,0,0,0,0,0,0,0,0,0,1,0,0,0,0,0,1,0,0,0
56,60,40,67,35,33,0,1,0,0,0,0,1,0,0,0,0,0,0,0,0,1,0,0,0
58,60,60,55,33,53,11,1,0,0,0,0,1,0,0,0,0,0,0,0,0,1,0,0,0
60,55,60,65,53,33,0,1,0,0,0,0,0,0,0,1,0,0,0,0,0,1,0,0,0
56,67,47,53,60,53,0,0,0,0,0,0,1,0,0,0,0,0,0,0,0,1,0,0,0
73,75,60,85,37,40,11,1,0,0,0,0,0,0,0,0,0,1,0,0,0,1,0,0,0
72,80,65,70,43,47,0,1,0,0,0,0,0,0,0,1,0,0,0,0,0,1,0,0,0
36,73,0,33,35,27,0,0,0,0,0,0,0,0,0,0,0,0,0,0,1,1,0,0,0
63,70,55,65,40,40,0,1,0,0,0,0,0,0,0,1,0,0,0,0,0,1,0,0,0
49,40,53,53,40,33,20,0,0,0,0,0,1,0,0,0,0,0,0,0,0,0,1,0,0
56,60,47,60,45,53,60,1,0,0,0,0,1,0,0,0,0,0,0,0,0,1,0,0,0
47,60,53,27,35,40,56,0,0,0,0,0,0,0,0,0,0,1,0,0,0,1,0,0,0
56,73,27,67,45,40,0,1,0,0,0,0,0,0,0,1,0,0,0,0,0,1,0,0,0
51,47,47,60,30,13,0,0,0,0,0,0,0,0,0,0,0,0,0,0,1,1,0,0,0
38,60,20,33,50,20,0,0,0,0,0,0,0,0,0,0,0,1,0,0,0,1,0,0,0
69,80,80,47,55,60,20,0,0,0,0,0,1,0,0,0,0,0,0,0,0,1,0,0,0
63,60,60,70,37,60,11,1,0,0,0,0,0,0,0,0,0,1,0,0,0,1,0,0,0
62,67,53,67,35,33,20,1,0,1,0,0,0,0,0,0,0,0,0,0,0,1,0,0,0
58,67,53,53,35,27,0,1,0,0,0,0,0,1,0,0,0,0,0,0,0,1,0,0,0
62,60,40,85,27,67,77,1,0,0,0,0,1,0,0,0,0,0,0,0,0,1,0,0,0
60,87,20,73,30,33,0,0,0,0,0,0,1,0,0,0,0,0,0,0,0,1,0,0,0
53,87,20,53,35,40,0,0,0,0,0,0,0,0,0,0,0,1,0,0,0,1,0,0,0
53,53,33,73,50,40,0,0,0,0,0,0,0,0,0,1,0,0,0,0,0,1,0,0,0
53,67,33,60,35,20,0,1,0,0,0,0,0,0,0,1,0,0,0,0,0,1,0,0,0
67,60,60,80,45,53,100,1,0,0,0,0,1,0,0,0,0,0,0,0,0,1,0,0,0
58,73,40,60,60,53,96,1,0,0,0,0,1,0,0,0,0,0,0,0,0,1,0,0,0
38,45,40,30,40,27,0,0,0,0,0,0,0,0,0,1,0,0,0,0,0,1,0,0,0
44,33,53,47,40,40,0,0,0,0,0,0,0,0,0,0,0,0,0,0,1,1,0,0,0
37,55,30,25,37,40,0,0,0,0,0,0,0,0,0,1,0,0,0,0,0,1,0,0,0
67,60,47,93,35,60,0,1,0,0,0,0,1,0,0,0,0,0,0,0,0,1,0,0,0
45,50,35,50,50,47,0,1,0,0,0,0,1,0,0,0,0,0,0,0,0,1,0,0,0
44,33,33,67,45,53,20,0,0,0,0,0,1,0,0,0,0,0,0,0,0,1,0,0,0
53,67,40,53,45,40,0,1,0,0,0,0,0,1,0,0,0,0,0,0,0,1,0,0,0
56,80,33,53,50,33,0,1,0,0,0,0,0,0,0,0,0,1,0,0,0,1,0,0,0
18,20,15,20,17,40,0,0,0,0,0,0,1,0,0,0,0,0,0,0,0,1,0,0,0
57,60,55,55,30,33,0,1,0,0,0,0,0,1,0,0,0,0,0,0,0,1,0,0,0
53,73,33,53,30,53,0,1,0,0,0,0,0,0,0,1,0,0,0,0,0,1,0,0,0
65,90,35,70,33,33,0,1,0,0,0,0,0,0,1,0,0,0,0,0,0,1,0,0,0
64,73,47,73,50,53,100,1,0,0,0,0,0,0,0,0,0,1,0,0,0,1,0,0,0
49,47,40,60,20,33,60,1,0,0,0,0,1,0,0,0,0,0,0,0,0,1,0,0,0
60,67,53,60,35,20,0,0,0,0,0,0,0,0,0,0,1,0,0,0,0,1,0,0,0
42,60,40,27,45,53,0,0,0,0,0,0,0,0,0,1,0,0,0,0,0,1,0,0,0
51,60,33,60,50,53,0,1,0,0,0,0,0,1,0,0,0,0,0,0,0,1,0,0,0
44,67,33,33,25,27,0,0,0,0,0,0,0,0,1,0,0,0,0,0,0,1,0,0,0
56,60,40,67,20,33,0,1,0,0,0,0,1,0,0,0,0,0,0,0,0,1,0,0,0
53,53,67,40,30,33,0,0,0,0,0,0,0,1,0,0,0,0,0,0,0,1,0,0,0
53,60,27,73,40,40,20,1,0,0,0,0,0,1,0,0,0,0,0,0,0,1,0,0,0
60,65,40,75,33,40,0,1,0,0,0,1,0,0,0,0,0,0,0,0,0,1,0,0,0
23,30,10,30,20,27,0,0,0,0,0,0,0,0,0,1,0,0,0,0,0,1,0,0,0
64,93,40,60,60,47,60,1,0,0,0,0,1,0,0,0,0,0,0,0,0,1,0,0,0
60,80,53,47,30,60,0,0,0,0,0,0,1,0,0,0,0,0,0,0,0,1,0,0,0
38,47,40,27,30,40,0,0,0,0,0,0,0,0,1,0,0,0,0,0,0,1,0,0,0
29,20,27,40,45,40,0,0,0,0,0,0,0,1,0,0,0,0,0,0,0,1,0,0,0
44,47,40,47,40,40,0,0,0,0,0,0,0,1,0,0,0,0,0,0,0,1,0,0,0
42,33,47,47,60,20,0,0,0,0,0,0,0,0,1,0,0,0,0,0,0,1,0,0,0
56,80,33,53,50,33,0,1,0,0,0,0,0,0,0,0,0,1,0,0,0,1,0,0,0
60,60,47,73,40,40,20,0,0,0,0,0,1,0,0,0,0,0,0,0,0,1,0,0,0
49,73,40,33,70,27,14,0,0,0,0,0,0,1,0,0,0,0,0,0,0,1,0,0,0
64,73,33,87,20,40,20,0,0,0,0,0,1,0,0,0,0,0,0,0,0,1,0,0,0
53,60,47,53,35,27,20,1,0,0,0,0,0,0,0,1,0,0,0,0,0,1,0,0,0
58,65,65,45,57,47,0,1,0,0,0,0,0,0,0,0,0,0,0,0,1,1,0,0,0
58,60,60,53,35,40,0,0,0,1,0,0,0,0,0,0,0,0,0,0,0,0,1,0,0
45,50,20,65,27,40,0,1,0,0,0,0,1,0,0,0,0,0,0,0,0,1,0,0,0
50,60,20,70,23,33,0,1,0,0,0,0,1,0,0,0,0,0,0,0,0,1,0,0,0
36,40,33,33,30,33,0,0,0,0,0,0,0,0,0,1,0,0,0,0,0,1,0,0,0
49,47,40,60,45,67,60,1,0,0,0,0,1,0,0,0,0,0,0,0,0,1,0,0,0
71,93,53,67,40,47,20,0,0,0,0,0,1,0,0,0,0,0,0,0,0,1,0,0,0
76,73,87,67,65,67,60,1,0,0,0,0,1,0,0,0,0,0,0,0,0,1,0,0,0
67,53,67,80,50,60,100,1,0,0,0,0,1,0,0,0,0,0,0,0,0,1,0,0,0
53,73,33,53,30,53,0,1,0,0,0,0,0,0,0,1,0,0,0,0,0,1,0,0,0
64,60,47,87,25,20,0,0,0,0,0,0,1,0,0,0,0,0,0,0,0,1,0,0,0
40,53,40,27,10,13,0,0,0,0,0,0,1,0,0,0,0,0,0,0,0,1,0,0,0
42,47,20,60,25,27,0,0,0,0,0,0,0,0,0,1,0,0,0,0,0,1,0,0,0
36,40,20,47,45,27,0,0,0,0,0,0,0,1,0,0,0,0,0,0,0,1,0,0,0
60,80,33,67,60,27,20,1,0,0,0,0,1,0,0,0,0,0,0,0,0,1,0,0,0
56,73,33,60,45,53,20,1,0,1,0,0,0,0,0,0,0,0,0,0,0,1,0,0,0
29,27,27,33,20,27,20,0,0,0,0,0,0,0,0,1,0,0,0,0,0,1,0,0,0
62,67,53,67,35,60,60,1,0,0,0,0,1,0,0,0,0,0,0,0,0,1,0,0,0
63,65,65,60,50,67,33,1,0,0,0,0,1,0,0,0,0,0,0,0,0,1,0,0,0
47,53,27,60,10,33,0,0,0,1,0,0,0,0,0,0,0,0,0,0,0,1,0,0,0
53,60,40,60,35,33,0,1,0,0,0,0,1,0,0,0,0,0,0,0,0,1,0,0,0
44,47,20,67,15,13,0,0,0,1,0,0,0,0,0,0,0,0,0,0,0,1,0,0,0
38,53,20,40,45,20,0,0,0,0,0,0,1,0,0,0,0,0,0,0,0,1,0,0,0
42,27,53,47,40,27,0,0,0,0,0,0,0,0,0,1,0,0,0,0,0,1,0,0,0
47,67,33,40,20,40,0,0,0,0,0,0,0,0,0,1,0,0,0,0,0,1,0,0,0
62,73,33,80,40,27,0,0,0,0,0,0,0,0,0,1,0,0,0,0,0,1,0,0,0
60,73,40,67,60,60,100,1,0,0,0,0,1,0,0,0,0,0,0,0,0,1,0,0,0
64,60,73,60,55,40,20,1,0,0,0,0,0,1,0,0,0,0,0,0,0,1,0,0,0
44,33,40,60,35,20,0,0,0,0,0,0,0,0,0,0,0,0,0,0,1,1,0,0,0
62,53,67,67,35,67,16,0,0,0,0,0,1,0,0,0,0,0,0,0,0,1,0,0,0
64,87,27,80,40,13,0,1,0,0,0,0,0,0,0,0,0,0,0,0,1,1,0,0,0
60,67,40,73,55,40,0,1,0,0,0,0,0,0,0,1,0,0,0,0,0,1,0,0,0
40,20,33,67,40,27,0,0,0,0,0,0,1,0,0,0,0,0,0,0,0,1,0,0,0
56,67,47,53,50,47,60,1,0,0,0,0,1,0,0,0,0,0,0,0,0,1,0,0,0
36,33,7,67,40,27,0,0,0,0,0,0,0,0,0,1,0,0,0,0,0,0,1,0,0
44,53,33,47,55,27,0,0,0,0,0,0,0,1,0,0,0,0,0,0,0,1,0,0,0
49,73,27,47,45,33,0,1,0,0,0,0,0,0,0,1,0,0,0,0,0,1,0,0,0
44,40,60,33,35,33,0,0,0,0,0,0,0,1,0,0,0,0,0,0,0,1,0,0,0
50,60,20,70,27,33,0,1,0,0,0,0,1,0,0,0,0,0,0,0,0,1,0,0,0
62,80,40,67,55,67,20,0,0,0,0,0,0,0,0,0,0,1,0,0,0,1,0,0,0
42,47,27,53,15,40,0,0,0,0,0,0,1,0,0,0,0,0,0,0,0,1,0,0,0
69,87,53,67,30,20,60,1,0,1,0,0,0,0,0,0,0,0,0,0,0,1,0,0,0
60,67,40,73,50,33,0,0,0,1,0,0,0,0,0,0,0,0,0,0,0,0,1,0,0
43,65,15,50,13,53,0,1,0,0,0,0,0,1,0,0,0,0,0,0,0,1,0,0,0
51,67,33,53,40,47,0,1,0,0,0,0,0,0,0,0,0,0,1,0,0,1,0,0,0
38,70,5,40,10,13,0,0,0,0,0,0,0,0,0,1,0,0,0,0,0,1,0,0,0
64,87,33,73,20,27,0,1,0,0,0,0,0,1,0,0,0,0,0,0,0,1,0,0,0
44,53,47,33,35,20,0,0,0,0,0,0,0,0,0,0,0,0,0,0,1,1,0,0,0
64,93,33,67,25,33,0,1,0,0,0,0,0,0,0,0,0,1,0,0,0,1,0,0,0
50,60,20,70,40,27,0,1,0,0,0,0,0,0,0,0,0,0,0,0,1,1,0,0,0
58,73,47,53,30,40,20,1,0,0,0,0,1,0,0,0,0,0,0,0,0,1,0,0,0
56,67,40,60,55,33,0,1,0,0,0,0,0,0,0,1,0,0,0,0,0,1,0,0,0
49,40,47,60,30,27,0,0,0,0,0,0,1,0,0,0,0,0,0,0,0,1,0,0,0
60,67,47,67,65,73,100,1,0,0,0,0,0,0,0,1,0,0,0,0,0,1,0,0,0
53,47,60,53,45,53,20,0,0,0,0,0,0,0,0,0,0,1,0,0,0,0,1,0,0
76,73,73,80,45,33,0,0,0,0,0,0,0,0,0,0,0,0,0,0,1,1,0,0,0
53,53,33,73,55,53,98,1,0,0,0,0,0,0,0,0,0,1,0,0,0,1,0,0,0
60,93,27,60,50,40,0,0,0,0,0,0,1,0,0,0,0,0,0,0,0,1,0,0,0
78,60,80,93,60,60,92,1,0,0,0,0,1,0,0,0,0,0,0,0,0,1,0,0,0
44,60,20,53,40,60,0,0,0,0,0,0,0,0,0,0,0,1,0,0,0,1,0,0,0
38,27,27,60,15,47,0,0,0,0,0,0,0,0,0,0,0,0,0,0,1,1,0,0,0
37,30,40,40,37,53,0,0,0,1,0,0,0,0,0,0,0,0,0,0,0,1,0,0,0
62,65,60,60,27,47,33,1,0,0,0,0,0,0,0,1,0,0,0,0,0,1,0,0,0
44,67,27,40,30,20,0,0,0,0,0,0,0,0,0,1,0,0,0,0,0,1,0,0,0
64,60,73,60,35,33,0,0,0,0,0,0,1,0,0,0,0,0,0,0,0,1,0,0,0
52,60,45,50,30,33,0,1,0,0,0,0,0,0,0,0,0,0,0,0,1,1,0,0,0
51,60,53,40,65,27,0,0,0,0,0,0,0,0,0,1,0,0,0,0,0,1,0,0,0
62,67,53,67,55,53,92,1,0,0,0,0,1,0,0,0,0,0,0,0,0,1,0,0,0
33,40,20,40,35,47,0,0,0,0,0,0,0,0,0,1,0,0,0,0,0,1,0,0,0
57,55,45,70,23,47,0,1,0,0,0,0,1,0,0,0,0,0,0,0,0,1,0,0,0
51,60,47,47,35,47,0,0,0,0,0,0,1,0,0,0,0,0,0,0,0,1,0,0,0
42,47,40,40,35,60,0,0,0,0,0,0,1,0,0,0,0,0,0,0,0,1,0,0,0
53,50,45,65,33,47,11,1,0,0,0,0,1,0,0,0,0,0,0,0,0,1,0,0,0
48,75,30,40,43,47,0,0,0,0,0,0,0,0,0,1,0,0,0,0,0,1,0,0,0
62,60,73,53,30,20,20,1,0,0,0,0,0,1,0,0,0,0,0,0,0,1,0,0,0
76,73,80,73,30,60,20,0,0,0,0,0,0,0,0,0,0,1,0,0,0,1,0,0,0
60,60,40,80,50,33,0,1,0,0,0,0,0,0,0,0,0,0,0,0,1,1,0,0,0
58,53,60,60,30,33,0,0,0,0,0,0,0,0,0,1,0,0,0,0,0,0,1,0,0
44,47,60,27,25,40,0,0,0,0,0,0,0,0,0,1,0,0,0,0,0,1,0,0,0
47,67,7,67,45,13,0,0,0,0,0,0,0,0,0,0,0,0,0,0,1,1,0,0,0
69,67,73,67,55,60,60,1,0,0,0,0,1,0,0,0,0,0,0,0,0,1,0,0,0
57,65,60,45,43,60,0,1,0,0,0,0,0,0,0,1,0,0,0,0,0,1,0,0,0
47,53,13,73,30,33,20,0,0,0,0,0,1,0,0,0,0,0,0,0,0,1,0,0,0
36,53,27,27,55,53,0,0,0,0,0,0,0,0,0,0,0,1,0,0,0,1,0,0,0
42,40,20,67,15,53,18,0,0,0,0,0,1,0,0,0,0,0,0,0,0,1,0,0,0
56,60,60,47,55,47,20,1,0,0,0,0,0,1,0,0,0,0,0,0,0,1,0,0,0
52,60,45,50,37,33,0,1,0,0,0,0,0,1,0,0,0,0,0,0,0,1,0,0,0
36,40,33,33,50,27,0,0,0,0,0,0,0,1,0,0,0,0,0,0,0,1,0,0,0
47,60,27,53,65,47,0,1,0,0,0,0,0,0,0,1,0,0,0,0,0,1,0,0,0
58,67,40,67,75,47,100,1,0,0,0,0,1,0,0,0,0,0,0,0,0,1,0,0,0
51,53,27,73,50,27,0,0,0,0,0,0,1,0,0,0,0,0,0,0,0,1,0,0,0
36,33,27,47,20,33,0,0,0,0,0,0,0,1,0,0,0,0,0,0,0,1,0,0,0
18,40,7,7,25,20,0,0,0,0,0,0,1,0,0,0,0,0,0,0,0,1,0,0,0
62,60,40,85,30,40,0,1,0,0,0,0,0,0,1,0,0,0,0,0,0,1,0,0,0
40,60,13,47,15,20,0,0,0,0,0,0,1,0,0,0,0,0,0,0,0,1,0,0,0
38,47,33,33,20,33,0,0,0,0,0,0,1,0,0,0,0,0,0,0,0,1,0,0,0
51,40,53,60,35,20,0,0,0,0,0,0,0,0,1,0,0,0,0,0,0,1,0,0,0
53,60,60,40,30,27,0,0,0,1,0,0,0,0,0,0,0,0,0,0,0,1,0,0,0
60,80,47,53,50,33,20,0,0,0,0,0,0,0,0,0,0,0,0,0,1,1,0,0,0
55,50,70,45,47,47,0,1,0,0,0,0,0,0,0,0,0,0,0,0,1,1,0,0,0
36,40,27,40,15,60,0,0,0,0,0,0,1,0,0,0,0,0,0,0,0,1,0,0,0
49,40,53,53,35,53,0,0,0,0,0,0,0,0,0,1,0,0,0,0,0,1,0,0,0
9,27,0,0,35,33,0,0,0,0,0,0,1,0,0,0,0,0,0,0,0,1,0,0,0
51,67,27,60,30,53,0,1,0,0,0,0,0,0,0,1,0,0,0,0,0,1,0,0,0
63,60,65,65,50,20,0,1,0,0,0,0,0,0,0,1,0,0,0,0,0,1,0,0,0
47,65,20,55,43,47,0,1,0,0,0,0,1,0,0,0,0,0,0,0,0,1,0,0,0
38,60,0,53,35,67,0,0,0,1,0,0,0,0,0,0,0,0,0,0,0,0,1,0,0
62,67,60,60,40,53,94,1,0,0,0,0,1,0,0,0,0,0,0,0,0,1,0,0,0
53,53,40,67,30,33,20,0,0,0,0,0,1,0,0,0,0,0,0,0,0,1,0,0,0
58,67,67,40,35,40,20,0,0,0,0,0,0,0,0,0,0,1,0,0,0,1,0,0,0
36,33,47,27,45,20,0,0,0,0,0,0,0,1,0,0,0,0,0,0,0,1,0,0,0
27,40,0,40,25,27,0,0,0,0,0,0,0,1,0,0,0,0,0,0,0,1,0,0,0
47,55,40,45,20,33,0,1,0,0,0,0,0,0,1,0,0,0,0,0,0,1,0,0,0
56,40,73,53,35,53,100,0,0,0,0,0,0,0,0,0,0,1,0,0,0,1,0,0,0
56,60,33,73,40,40,0,1,0,0,0,0,1,0,0,0,0,0,0,0,0,1,0,0,0
42,33,40,53,45,53,0,0,0,0,0,0,1,0,0,0,0,0,0,0,0,1,0,0,0
49,47,33,67,50,20,0,0,0,0,0,0,0,0,0,0,0,0,0,0,1,1,0,0,0
58,47,67,60,60,47,20,0,0,0,0,0,0,0,0,0,0,1,0,0,0,1,0,0,0
62,67,60,60,60,73,94,1,0,0,0,0,1,0,0,0,0,0,0,0,0,1,0,0,0
20,7,33,20,25,20,0,0,0,0,0,0,0,0,1,0,0,0,0,0,0,1,0,0,0
62,73,40,73,50,47,60,1,0,0,0,1,0,0,0,0,0,0,0,0,0,1,0,0,0
67,80,60,60,55,60,60,1,0,0,0,0,1,0,0,0,0,0,0,0,0,1,0,0,0
49,60,27,60,20,27,0,0,0,0,0,0,0,0,0,1,0,0,0,0,0,1,0,0,0
67,55,75,70,20,33,0,1,0,0,0,0,1,0,0,0,0,0,0,0,0,1,0,0,0
48,50,20,75,27,13,11,1,0,0,0,0,1,0,0,0,0,0,0,0,0,1,0,0,0
47,53,40,47,50,47,0,0,0,0,0,0,0,0,0,1,0,0,0,0,0,1,0,0,0
29,40,7,40,15,33,0,0,0,0,0,0,1,0,0,0,0,0,0,0,0,1,0,0,0
49,33,67,47,35,20,0,0,0,0,0,0,1,0,0,0,0,0,0,0,0,1,0,0,0
38,47,40,27,25,27,0,0,0,0,0,0,1,0,0,0,0,0,0,0,0,1,0,0,0
42,47,27,53,40,40,0,0,0,0,0,0,0,0,0,1,0,0,0,0,0,1,0,0,0
38,40,30,45,40,40,0,0,0,0,0,0,0,0,0,1,0,0,0,0,0,1,0,0,0
30,25,50,15,43,27,0,0,0,0,1,0,0,0,0,0,0,0,0,0,0,1,0,0,0
73,87,60,73,85,60,100,1,0,0,0,0,0,0,0,1,0,0,0,0,0,1,0,0,0
51,60,47,47,30,60,76,1,0,0,0,0,0,0,0,1,0,0,0,0,0,1,0,0,0
38,40,40,33,55,33,0,0,0,0,0,0,0,1,0,0,0,0,0,0,0,1,0,0,0
38,20,27,67,35,27,0,0,0,0,0,0,0,0,0,1,0,0,0,0,0,1,0,0,0
47,60,27,53,30,67,52,0,0,0,0,0,0,0,0,0,0,1,0,0,0,1,0,0,0
57,55,40,75,20,33,0,1,0,0,0,0,1,0,0,0,0,0,0,0,0,1,0,0,0
60,67,47,67,65,73,100,1,0,0,0,0,0,0,0,1,0,0,0,0,0,1,0,0,0
49,60,33,53,40,40,0,1,0,0,0,0,0,0,0,1,0,0,0,0,0,1,0,0,0
45,55,30,50,20,20,0,1,0,0,0,0,1,0,0,0,0,0,0,0,0,1,0,0,0
42,67,0,60,20,0,0,0,0,0,0,0,0,1,0,0,0,0,0,0,0,1,0,0,0
18,40,7,7,30,7,0,0,0,0,0,1,0,0,0,0,0,0,0,0,0,1,0,0,0
53,60,53,47,40,67,60,1,0,0,0,0,1,0,0,0,0,0,0,0,0,1,0,0,0
64,87,53,53,40,33,20,1,0,0,0,0,0,0,0,1,0,0,0,0,0,1,0,0,0
33,47,33,20,20,33,20,0,0,0,0,0,1,0,0,0,0,0,0,0,0,1,0,0,0
31,40,20,33,5,40,0,0,0,0,0,0,1,0,0,0,0,0,0,0,0,1,0,0,0
55,55,35,75,20,33,11,1,0,0,0,0,0,0,0,1,0,0,0,0,0,1,0,0,0
65,75,50,70,43,33,11,1,0,0,0,0,1,0,0,0,0,0,0,0,0,1,0,0,0
44,67,27,40,30,20,0,0,0,0,0,0,0,0,0,1,0,0,0,0,0,1,0,0,0
51,27,60,67,35,33,20,0,0,0,0,0,0,0,0,1,0,0,0,0,0,1,0,0,0
58,67,33,73,45,53,0,0,0,0,0,0,0,0,1,0,0,0,0,0,0,1,0,0,0
40,53,40,27,45,20,0,0,0,0,0,0,0,0,0,0,0,0,0,0,1,1,0,0,0
57,50,50,70,33,40,0,1,0,0,0,0,0,0,0,1,0,0,0,0,0,1,0,0,0
50,65,35,50,23,53,0,1,0,0,0,0,0,0,0,1,0,0,0,0,0,1,0,0,0
50,65,20,65,30,40,0,1,0,0,0,0,0,0,0,1,0,0,0,0,0,1,0,0,0
51,60,40,53,30,53,20,1,0,0,0,0,0,0,0,1,0,0,0,0,0,1,0,0,0
31,47,13,33,40,27,0,0,0,0,0,0,1,0,0,0,0,0,0,0,0,1,0,0,0
40,50,20,50,40,27,0,1,0,0,0,0,0,1,0,0,0,0,0,0,0,1,0,0,0
47,47,27,67,30,47,0,0,0,0,0,0,0,0,0,1,0,0,0,0,0,1,0,0,0
58,60,60,53,50,20,20,1,0,1,0,0,0,0,0,0,0,0,0,0,0,1,0,0,0
64,67,60,67,60,27,20,1,0,0,0,0,0,0,0,0,0,0,0,0,1,1,0,0,0
56,87,13,67,40,13,0,0,0,0,0,0,0,0,0,1,0,0,0,0,0,1,0,0,0
44,60,47,27,45,53,20,0,0,0,0,0,1,0,0,0,0,0,0,0,0,1,0,0,0
36,47,20,40,25,33,0,0,0,0,0,0,0,0,0,1,0,0,0,0,0,1,0,0,0
47,55,35,50,40,60,33,1,0,0,0,0,1,0,0,0,0,0,0,0,0,1,0,0,0
62,67,53,67,35,60,60,1,0,0,0,0,1,0,0,0,0,0,0,0,0,1,0,0,0
53,55,50,55,53,40,20,1,0,0,0,0,1,0,0,0,0,0,0,0,0,1,0,0,0
69,60,73,73,75,67,100,1,0,0,0,0,0,0,0,0,0,1,0,0,0,1,0,0,0
44,47,13,73,45,47,20,0,0,0,0,0,0,0,0,0,0,1,0,0,0,1,0,0,0
57,70,40,60,43,33,0,1,0,0,0,0,0,0,0,1,0,0,0,0,0,1,0,0,0
60,67,47,67,30,27,0,1,0,1,0,0,0,0,0,0,0,0,0,0,0,1,0,0,0
57,55,60,55,60,40,0,1,0,0,0,0,0,0,0,0,0,0,0,0,1,1,0,0,0
55,60,50,55,23,33,0,1,0,0,0,0,0,0,0,0,0,1,0,0,0,1,0,0,0
56,47,47,73,30,53,20,0,0,0,0,0,1,0,0,0,0,0,0,0,0,1,0,0,0
36,27,33,47,50,33,0,0,0,0,0,0,1,0,0,0,0,0,0,0,0,1,0,0,0
47,67,20,53,40,27,0,0,0,0,0,0,0,0,0,1,0,0,0,0,0,1,0,0,0
58,60,53,60,60,47,60,1,0,0,0,0,1,0,0,0,0,0,0,0,0,1,0,0,0
71,80,47,87,50,47,60,1,0,0,0,0,0,1,0,0,0,0,0,0,0,1,0,0,0
62,85,55,45,50,33,11,1,0,0,0,0,0,0,0,1,0,0,0,0,0,1,0,0,0
53,60,40,60,30,40,0,1,0,0,0,0,0,0,0,1,0,0,0,0,0,1,0,0,0
45,55,25,55,27,13,11,1,0,0,0,0,1,0,0,0,0,0,0,0,0,1,0,0,0
52,75,20,60,17,20,0,1,0,0,0,0,0,1,0,0,0,0,0,0,0,1,0,0,0
52,50,30,75,30,33,0,1,0,0,0,0,0,0,0,1,0,0,0,0,0,1,0,0,0
58,73,40,60,35,33,0,1,0,0,0,0,0,0,0,1,0,0,0,0,0,1,0,0,0
36,40,13,53,40,20,0,0,0,0,0,0,0,0,0,0,0,0,0,0,1,1,0,0,0
53,73,20,67,35,53,20,1,0,0,0,0,0,0,0,0,0,1,0,0,0,1,0,0,0
67,87,53,60,20,33,16,0,0,0,0,0,1,0,0,0,0,0,0,0,0,1,0,0,0
67,67,53,80,15,27,0,1,0,0,0,0,1,0,0,0,0,0,0,0,0,1,0,0,0
47,60,27,53,25,13,0,1,0,0,0,0,0,0,0,0,0,0,0,0,1,1,0,0,0
42,47,20,60,35,33,0,0,0,0,0,0,0,1,0,0,0,0,0,0,0,1,0,0,0
64,73,67,53,75,27,0,1,0,0,0,0,0,0,0,0,0,0,0,0,1,1,0,0,0
60,53,60,67,35,27,96,0,0,0,0,0,1,0,0,0,0,0,0,0,0,1,0,0,0
71,80,47,87,50,47,60,1,0,0,0,0,0,1,0,0,0,0,0,0,0,1,0,0,0
69,73,53,80,45,60,96,1,0,0,0,0,1,0,0,0,0,0,0,0,0,1,0,0,0
56,60,33,73,25,33,20,1,0,0,0,0,0,0,0,1,0,0,0,0,0,1,0,0,0
57,70,45,55,37,47,0,1,0,0,0,0,0,0,0,0,1,0,0,0,0,1,0,0,0
62,47,53,87,50,60,20,0,0,0,0,0,1,0,0,0,0,0,0,0,0,1,0,0,0
58,53,53,67,25,53,60,1,0,0,0,0,1,0,0,0,0,0,0,0,0,1,0,0,0
49,53,27,67,40,20,0,0,0,0,0,0,0,0,1,0,0,0,0,0,0,1,0,0,0
51,27,60,67,35,27,0,0,0,0,0,0,0,0,0,0,0,0,0,0,1,1,0,0,0
20,20,27,13,20,33,0,0,0,0,0,0,1,0,0,0,0,0,0,0,0,1,0,0,0
53,55,40,65,30,53,11,1,0,0,0,0,1,0,0,0,0,0,0,0,0,1,0,0,0
56,67,40,60,55,40,18,0,0,0,0,0,1,0,0,0,0,0,0,0,0,1,0,0,0
44,60,27,47,20,40,0,1,0,0,0,0,0,0,0,1,0,0,0,0,0,1,0,0,0
42,50,30,45,27,27,0,1,0,0,0,0,1,0,0,0,0,0,0,0,0,1,0,0,0
53,55,60,45,33,47,11,1,0,0,0,0,1,0,0,0,0,0,0,0,0,1,0,0,0
29,27,40,20,40,53,0,0,0,0,0,0,1,0,0,0,0,0,0,0,0,1,0,0,0
53,67,33,60,30,40,0,1,0,0,0,0,0,0,0,1,0,0,0,0,0,1,0,0,0
43,45,25,60,23,33,0,0,0,0,0,0,1,0,0,0,0,0,0,0,0,1,0,0,0
49,80,33,33,30,33,60,0,0,0,0,0,1,0,0,0,0,0,0,0,0,1,0,0,0
53,60,50,50,50,33,0,1,0,0,0,0,0,0,0,0,0,0,0,0,1,1,0,0,0
33,27,40,33,15,47,0,0,0,0,0,0,1,0,0,0,0,0,0,0,0,0,0,1,0
71,67,73,73,60,33,94,1,0,0,0,0,1,0,0,0,0,0,0,0,0,1,0,0,0
27,20,20,40,25,40,0,0,0,0,0,0,1,0,0,0,0,0,0,0,0,1,0,0,0
44,53,47,33,35,20,0,0,0,0,0,0,0,0,0,0,0,0,0,0,1,1,0,0,0
31,47,7,40,30,40,60,0,0,0,0,0,1,0,0,0,0,0,0,0,0,1,0,0,0
49,67,20,60,40,27,0,0,0,0,0,0,0,0,0,1,0,0,0,0,0,1,0,0,0
40,47,13,60,30,40,0,0,0,0,0,0,0,0,0,1,0,0,0,0,0,1,0,0,0
48,50,35,60,47,40,0,1,0,0,0,0,0,0,1,0,0,0,0,0,0,1,0,0,0
58,80,33,60,35,40,60,1,0,0,0,0,1,0,0,0,0,0,0,0,0,1,0,0,0
62,60,40,87,55,53,20,0,0,0,0,0,1,0,0,0,0,0,0,0,0,1,0,0,0
69,67,60,80,45,20,0,0,0,0,0,0,0,0,0,1,0,0,0,0,0,1,0,0,0
45,60,25,50,30,33,11,1,0,0,0,0,1,0,0,0,0,0,0,0,0,1,0,0,0
53,67,40,53,50,33,0,1,0,0,0,0,0,0,0,1,0,0,0,0,0,1,0,0,0
62,70,35,80,60,47,0,1,0,0,0,0,0,0,0,1,0,0,0,0,0,1,0,0,0
58,67,33,73,35,33,0,0,0,0,0,0,1,0,0,0,0,0,0,0,0,1,0,0,0
60,73,53,53,10,47,0,1,0,0,0,0,0,0,0,1,0,0,0,0,0,1,0,0,0
64,73,60,60,70,53,0,0,0,0,0,0,0,0,0,0,0,0,0,0,1,1,0,0,0
36,47,20,40,30,7,0,0,0,0,0,0,1,0,0,0,0,0,0,0,0,1,0,0,0
53,67,47,47,55,27,0,0,0,0,0,0,0,0,0,1,0,0,0,0,0,0,1,0,0
64,87,33,73,20,27,0,1,0,0,0,0,0,1,0,0,0,0,0,0,0,1,0,0,0
56,27,80,60,30,53,0,0,0,0,0,0,1,0,0,0,0,0,0,0,0,1,0,0,0
53,73,40,47,55,33,0,1,0,0,0,0,0,0,0,0,0,0,0,0,1,1,0,0,0
47,60,40,40,35,40,20,0,0,0,0,0,0,1,0,0,0,0,0,0,0,1,0,0,0
47,60,40,40,25,47,0,0,0,0,0,0,1,0,0,0,0,0,0,0,0,1,0,0,0
31,40,20,33,40,27,0,0,0,0,0,0,0,0,0,0,0,0,0,0,1,1,0,0,0
60,50,50,80,30,27,0,1,0,0,0,0,1,0,0,0,0,0,0,0,0,1,0,0,0
40,30,55,35,37,60,11,0,0,0,0,0,0,0,0,0,0,1,0,0,0,1,0,0,0
58,67,53,53,35,27,0,1,0,0,0,0,0,1,0,0,0,0,0,0,0,1,0,0,0
48,45,30,70,17,53,0,0,0,0,0,0,1,0,0,0,0,0,0,0,0,1,0,0,0
53,40,60,60,35,20,0,0,0,0,0,0,0,0,0,0,0,0,0,1,0,0,0,0,1
33,27,27,47,25,33,0,0,0,0,0,0,1,0,0,0,0,0,0,0,0,1,0,0,0
38,40,20,53,35,27,0,0,0,0,0,0,0,1,0,0,0,0,0,0,0,1,0,0,0
47,40,50,50,30,47,0,0,0,0,0,0,0,1,0,0,0,0,0,0,0,1,0,0,0
49,80,7,60,50,47,0,0,0,0,0,0,0,1,0,0,0,0,0,0,0,1,0,0,0
48,60,30,55,30,40,0,1,0,0,0,0,0,0,0,0,0,1,0,0,0,1,0,0,0
60,40,67,73,50,53,100,0,0,0,0,0,0,0,0,0,0,1,0,0,0,1,0,0,0
62,67,60,60,40,53,94,1,0,0,0,0,1,0,0,0,0,0,0,0,0,1,0,0,0
42,30,25,70,50,53,11,0,0,0,0,0,1,0,0,0,0,0,0,0,0,1,0,0,0
49,47,40,60,25,47,0,0,0,0,0,0,1,0,0,0,0,0,0,0,0,1,0,0,0
51,60,40,53,40,33,0,1,0,0,0,0,0,1,0,0,0,0,0,0,0,1,0,0,0
62,73,53,60,40,27,0,0,0,0,0,0,0,0,0,1,0,0,0,0,0,1,0,0,0
64,60,67,67,0,33,0,0,1,0,0,0,0,0,0,0,0,0,0,0,0,1,0,0,0
51,60,27,67,25,33,0,1,0,0,0,0,0,0,0,0,0,0,0,0,1,1,0,0,0
42,33,27,67,30,53,0,0,0,0,0,0,0,1,0,0,0,0,0,0,0,1,0,0,0
75,75,75,75,43,67,0,1,0,0,0,0,0,0,1,0,0,0,0,0,0,1,0,0,0
42,60,13,53,35,20,0,0,0,0,0,0,1,0,0,0,0,0,0,0,0,1,0,0,0
62,80,47,60,60,33,60,1,0,0,0,0,0,0,0,0,0,1,0,0,0,1,0,0,0
67,53,67,80,50,60,100,1,0,0,0,0,1,0,0,0,0,0,0,0,0,1,0,0,0
63,70,65,55,40,47,11,1,0,0,0,0,0,0,0,0,0,1,0,0,0,1,0,0,0
42,27,40,60,35,47,0,0,0,0,0,0,0,0,0,0,0,1,0,0,0,1,0,0,0
48,55,30,60,43,13,0,1,0,0,0,0,0,0,0,1,0,0,0,0,0,1,0,0,0
47,47,60,33,35,33,0,0,0,0,0,1,0,0,0,0,0,0,0,0,0,1,0,0,0
51,53,33,67,25,53,0,0,0,0,0,0,0,0,0,1,0,0,0,0,0,1,0,0,0
